ì˙ït,åé,âŒ,êÖ,ñÿ,ã‡,ìy,ì˙,èjì˙,èjì˙ÇÃñºëO,ãxì˙,îNññîNén
20190131,0,0,0,1,0,0,0,0,0,0,0
20190130,0,0,1,0,0,0,0,0,0,0,0
20190129,0,1,0,0,0,0,0,0,0,0,0
20190128,1,0,0,0,0,0,0,0,0,0,0
20190127,0,0,0,0,0,0,1,0,0,1,0
20190126,0,0,0,0,0,1,0,0,0,1,0
20190125,0,0,0,0,1,0,0,0,0,0,0
20190124,0,0,0,1,0,0,0,0,0,0,0
20190123,0,0,1,0,0,0,0,0,0,0,0
20190122,0,1,0,0,0,0,0,0,0,0,0
20190121,1,0,0,0,0,0,0,0,0,0,0
20190120,0,0,0,0,0,0,1,0,0,1,0
20190119,0,0,0,0,0,1,0,0,0,1,0
20190118,0,0,0,0,1,0,0,0,0,0,0
20190117,0,0,0,1,0,0,0,0,0,0,0
20190116,0,0,1,0,0,0,0,0,0,0,0
20190115,0,1,0,0,0,0,0,0,0,0,0
20190114,1,0,0,0,0,0,0,1,ê¨êlÇÃì˙,1,0
20190113,0,0,0,0,0,0,1,0,0,1,0
20190112,0,0,0,0,0,1,0,0,0,1,0
20190111,0,0,0,0,1,0,0,0,0,0,0
20190110,0,0,0,1,0,0,0,0,0,0,0
20190109,0,0,1,0,0,0,0,0,0,0,0
20190108,0,1,0,0,0,0,0,0,0,0,0
20190107,1,0,0,0,0,0,0,0,0,0,0
20190106,0,0,0,0,0,0,1,0,0,1,0
20190105,0,0,0,0,0,1,0,0,0,1,0
20190104,0,0,0,0,1,0,0,0,0,0,0
20190103,0,0,0,1,0,0,0,0,0,1,1
20190102,0,0,1,0,0,0,0,0,0,1,1
20190101,0,1,0,0,0,0,0,1,å≥ì˙,1,1
20181231,1,0,0,0,0,0,0,0,0,1,1
20181230,0,0,0,0,0,0,1,0,0,1,0
20181229,0,0,0,0,0,1,0,0,0,1,0
20181228,0,0,0,0,1,0,0,0,0,0,0
20181227,0,0,0,1,0,0,0,0,0,0,0
20181226,0,0,1,0,0,0,0,0,0,0,0
20181225,0,1,0,0,0,0,0,0,0,0,0
20181224,1,0,0,0,0,0,0,1,êUë÷ãxì˙,1,0
20181223,0,0,0,0,0,0,1,1,ìVçcíaê∂ì˙,1,0
20181222,0,0,0,0,0,1,0,0,0,1,0
20181221,0,0,0,0,1,0,0,0,0,0,0
20181220,0,0,0,1,0,0,0,0,0,0,0
20181219,0,0,1,0,0,0,0,0,0,0,0
20181218,0,1,0,0,0,0,0,0,0,0,0
20181217,1,0,0,0,0,0,0,0,0,0,0
20181216,0,0,0,0,0,0,1,0,0,1,0
20181215,0,0,0,0,0,1,0,0,0,1,0
20181214,0,0,0,0,1,0,0,0,0,0,0
20181213,0,0,0,1,0,0,0,0,0,0,0
20181212,0,0,1,0,0,0,0,0,0,0,0
20181211,0,1,0,0,0,0,0,0,0,0,0
20181210,1,0,0,0,0,0,0,0,0,0,0
20181209,0,0,0,0,0,0,1,0,0,1,0
20181208,0,0,0,0,0,1,0,0,0,1,0
20181207,0,0,0,0,1,0,0,0,0,0,0
20181206,0,0,0,1,0,0,0,0,0,0,0
20181205,0,0,1,0,0,0,0,0,0,0,0
20181204,0,1,0,0,0,0,0,0,0,0,0
20181203,1,0,0,0,0,0,0,0,0,0,0
20181202,0,0,0,0,0,0,1,0,0,1,0
20181201,0,0,0,0,0,1,0,0,0,1,0
20181130,0,0,0,0,1,0,0,0,0,0,0
20181129,0,0,0,1,0,0,0,0,0,0,0
20181128,0,0,1,0,0,0,0,0,0,0,0
20181127,0,1,0,0,0,0,0,0,0,0,0
20181126,1,0,0,0,0,0,0,0,0,0,0
20181125,0,0,0,0,0,0,1,0,0,1,0
20181124,0,0,0,0,0,1,0,0,0,1,0
20181123,0,0,0,0,1,0,0,1,ãŒòJä¥é”ÇÃì˙,1,0
20181122,0,0,0,1,0,0,0,0,0,0,0
20181121,0,0,1,0,0,0,0,0,0,0,0
20181120,0,1,0,0,0,0,0,0,0,0,0
20181119,1,0,0,0,0,0,0,0,0,0,0
20181118,0,0,0,0,0,0,1,0,0,1,0
20181117,0,0,0,0,0,1,0,0,0,1,0
20181116,0,0,0,0,1,0,0,0,0,0,0
20181115,0,0,0,1,0,0,0,0,0,0,0
20181114,0,0,1,0,0,0,0,0,0,0,0
20181113,0,1,0,0,0,0,0,0,0,0,0
20181112,1,0,0,0,0,0,0,0,0,0,0
20181111,0,0,0,0,0,0,1,0,0,1,0
20181110,0,0,0,0,0,1,0,0,0,1,0
20181109,0,0,0,0,1,0,0,0,0,0,0
20181108,0,0,0,1,0,0,0,0,0,0,0
20181107,0,0,1,0,0,0,0,0,0,0,0
20181106,0,1,0,0,0,0,0,0,0,0,0
20181105,1,0,0,0,0,0,0,0,0,0,0
20181104,0,0,0,0,0,0,1,0,0,1,0
20181103,0,0,0,0,0,1,0,1,ï∂âªÇÃì˙,1,0
20181102,0,0,0,0,1,0,0,0,0,0,0
20181101,0,0,0,1,0,0,0,0,0,0,0
20181031,0,0,1,0,0,0,0,0,0,0,0
20181030,0,1,0,0,0,0,0,0,0,0,0
20181029,1,0,0,0,0,0,0,0,0,0,0
20181028,0,0,0,0,0,0,1,0,0,1,0
20181027,0,0,0,0,0,1,0,0,0,1,0
20181026,0,0,0,0,1,0,0,0,0,0,0
20181025,0,0,0,1,0,0,0,0,0,0,0
20181024,0,0,1,0,0,0,0,0,0,0,0
20181023,0,1,0,0,0,0,0,0,0,0,0
20181022,1,0,0,0,0,0,0,0,0,0,0
20181021,0,0,0,0,0,0,1,0,0,1,0
20181020,0,0,0,0,0,1,0,0,0,1,0
20181019,0,0,0,0,1,0,0,0,0,0,0
20181018,0,0,0,1,0,0,0,0,0,0,0
20181017,0,0,1,0,0,0,0,0,0,0,0
20181016,0,1,0,0,0,0,0,0,0,0,0
20181015,1,0,0,0,0,0,0,0,0,0,0
20181014,0,0,0,0,0,0,1,0,0,1,0
20181013,0,0,0,0,0,1,0,0,0,1,0
20181012,0,0,0,0,1,0,0,0,0,0,0
20181011,0,0,0,1,0,0,0,0,0,0,0
20181010,0,0,1,0,0,0,0,0,0,0,0
20181009,0,1,0,0,0,0,0,0,0,0,0
20181008,1,0,0,0,0,0,0,1,ëÃàÁÇÃì˙,1,0
20181007,0,0,0,0,0,0,1,0,0,1,0
20181006,0,0,0,0,0,1,0,0,0,1,0
20181005,0,0,0,0,1,0,0,0,0,0,0
20181004,0,0,0,1,0,0,0,0,0,0,0
20181003,0,0,1,0,0,0,0,0,0,0,0
20181002,0,1,0,0,0,0,0,0,0,0,0
20181001,1,0,0,0,0,0,0,0,0,0,0
20180930,0,0,0,0,0,0,1,0,0,1,0
20180929,0,0,0,0,0,1,0,0,0,1,0
20180928,0,0,0,0,1,0,0,0,0,0,0
20180927,0,0,0,1,0,0,0,0,0,0,0
20180926,0,0,1,0,0,0,0,0,0,0,0
20180925,0,1,0,0,0,0,0,0,0,0,0
20180924,1,0,0,0,0,0,0,1,êUë÷ãxì˙,1,0
20180923,0,0,0,0,0,0,1,1,èHï™ÇÃì˙,1,0
20180922,0,0,0,0,0,1,0,0,0,1,0
20180921,0,0,0,0,1,0,0,0,0,0,0
20180920,0,0,0,1,0,0,0,0,0,0,0
20180919,0,0,1,0,0,0,0,0,0,0,0
20180918,0,1,0,0,0,0,0,0,0,0,0
20180917,1,0,0,0,0,0,0,1,åhòVÇÃì˙,1,0
20180916,0,0,0,0,0,0,1,0,0,1,0
20180915,0,0,0,0,0,1,0,0,0,1,0
20180914,0,0,0,0,1,0,0,0,0,0,0
20180913,0,0,0,1,0,0,0,0,0,0,0
20180912,0,0,1,0,0,0,0,0,0,0,0
20180911,0,1,0,0,0,0,0,0,0,0,0
20180910,1,0,0,0,0,0,0,0,0,0,0
20180909,0,0,0,0,0,0,1,0,0,1,0
20180908,0,0,0,0,0,1,0,0,0,1,0
20180907,0,0,0,0,1,0,0,0,0,0,0
20180906,0,0,0,1,0,0,0,0,0,0,0
20180905,0,0,1,0,0,0,0,0,0,0,0
20180904,0,1,0,0,0,0,0,0,0,0,0
20180903,1,0,0,0,0,0,0,0,0,0,0
20180902,0,0,0,0,0,0,1,0,0,1,0
20180901,0,0,0,0,0,1,0,0,0,1,0
20180831,0,0,0,0,1,0,0,0,0,0,0
20180830,0,0,0,1,0,0,0,0,0,0,0
20180829,0,0,1,0,0,0,0,0,0,0,0
20180828,0,1,0,0,0,0,0,0,0,0,0
20180827,1,0,0,0,0,0,0,0,0,0,0
20180826,0,0,0,0,0,0,1,0,0,1,0
20180825,0,0,0,0,0,1,0,0,0,1,0
20180824,0,0,0,0,1,0,0,0,0,0,0
20180823,0,0,0,1,0,0,0,0,0,0,0
20180822,0,0,1,0,0,0,0,0,0,0,0
20180821,0,1,0,0,0,0,0,0,0,0,0
20180820,1,0,0,0,0,0,0,0,0,0,0
20180819,0,0,0,0,0,0,1,0,0,1,0
20180818,0,0,0,0,0,1,0,0,0,1,0
20180817,0,0,0,0,1,0,0,0,0,0,0
20180816,0,0,0,1,0,0,0,0,0,0,0
20180815,0,0,1,0,0,0,0,0,0,0,0
20180814,0,1,0,0,0,0,0,0,0,0,0
20180813,1,0,0,0,0,0,0,0,0,0,0
20180812,0,0,0,0,0,0,1,0,0,1,0
20180811,0,0,0,0,0,1,0,1,éRÇÃì˙,1,0
20180810,0,0,0,0,1,0,0,0,0,0,0
20180809,0,0,0,1,0,0,0,0,0,0,0
20180808,0,0,1,0,0,0,0,0,0,0,0
20180807,0,1,0,0,0,0,0,0,0,0,0
20180806,1,0,0,0,0,0,0,0,0,0,0
20180805,0,0,0,0,0,0,1,0,0,1,0
20180804,0,0,0,0,0,1,0,0,0,1,0
20180803,0,0,0,0,1,0,0,0,0,0,0
20180802,0,0,0,1,0,0,0,0,0,0,0
20180801,0,0,1,0,0,0,0,0,0,0,0
20180731,0,1,0,0,0,0,0,0,0,0,0
20180730,1,0,0,0,0,0,0,0,0,0,0
20180729,0,0,0,0,0,0,1,0,0,1,0
20180728,0,0,0,0,0,1,0,0,0,1,0
20180727,0,0,0,0,1,0,0,0,0,0,0
20180726,0,0,0,1,0,0,0,0,0,0,0
20180725,0,0,1,0,0,0,0,0,0,0,0
20180724,0,1,0,0,0,0,0,0,0,0,0
20180723,1,0,0,0,0,0,0,0,0,0,0
20180722,0,0,0,0,0,0,1,0,0,1,0
20180721,0,0,0,0,0,1,0,0,0,1,0
20180720,0,0,0,0,1,0,0,0,0,0,0
20180719,0,0,0,1,0,0,0,0,0,0,0
20180718,0,0,1,0,0,0,0,0,0,0,0
20180717,0,1,0,0,0,0,0,0,0,0,0
20180716,1,0,0,0,0,0,0,1,äCÇÃì˙,1,0
20180715,0,0,0,0,0,0,1,0,0,1,0
20180714,0,0,0,0,0,1,0,0,0,1,0
20180713,0,0,0,0,1,0,0,0,0,0,0
20180712,0,0,0,1,0,0,0,0,0,0,0
20180711,0,0,1,0,0,0,0,0,0,0,0
20180710,0,1,0,0,0,0,0,0,0,0,0
20180709,1,0,0,0,0,0,0,0,0,0,0
20180708,0,0,0,0,0,0,1,0,0,1,0
20180707,0,0,0,0,0,1,0,0,0,1,0
20180706,0,0,0,0,1,0,0,0,0,0,0
20180705,0,0,0,1,0,0,0,0,0,0,0
20180704,0,0,1,0,0,0,0,0,0,0,0
20180703,0,1,0,0,0,0,0,0,0,0,0
20180702,1,0,0,0,0,0,0,0,0,0,0
20180701,0,0,0,0,0,0,1,0,0,1,0
20180630,0,0,0,0,0,1,0,0,0,1,0
20180629,0,0,0,0,1,0,0,0,0,0,0
20180628,0,0,0,1,0,0,0,0,0,0,0
20180627,0,0,1,0,0,0,0,0,0,0,0
20180626,0,1,0,0,0,0,0,0,0,0,0
20180625,1,0,0,0,0,0,0,0,0,0,0
20180624,0,0,0,0,0,0,1,0,0,1,0
20180623,0,0,0,0,0,1,0,0,0,1,0
20180622,0,0,0,0,1,0,0,0,0,0,0
20180621,0,0,0,1,0,0,0,0,0,0,0
20180620,0,0,1,0,0,0,0,0,0,0,0
20180619,0,1,0,0,0,0,0,0,0,0,0
20180618,1,0,0,0,0,0,0,0,0,0,0
20180617,0,0,0,0,0,0,1,0,0,1,0
20180616,0,0,0,0,0,1,0,0,0,1,0
20180615,0,0,0,0,1,0,0,0,0,0,0
20180614,0,0,0,1,0,0,0,0,0,0,0
20180613,0,0,1,0,0,0,0,0,0,0,0
20180612,0,1,0,0,0,0,0,0,0,0,0
20180611,1,0,0,0,0,0,0,0,0,0,0
20180610,0,0,0,0,0,0,1,0,0,1,0
20180609,0,0,0,0,0,1,0,0,0,1,0
20180608,0,0,0,0,1,0,0,0,0,0,0
20180607,0,0,0,1,0,0,0,0,0,0,0
20180606,0,0,1,0,0,0,0,0,0,0,0
20180605,0,1,0,0,0,0,0,0,0,0,0
20180604,1,0,0,0,0,0,0,0,0,0,0
20180603,0,0,0,0,0,0,1,0,0,1,0
20180602,0,0,0,0,0,1,0,0,0,1,0
20180601,0,0,0,0,1,0,0,0,0,0,0
20180531,0,0,0,1,0,0,0,0,0,0,0
20180530,0,0,1,0,0,0,0,0,0,0,0
20180529,0,1,0,0,0,0,0,0,0,0,0
20180528,1,0,0,0,0,0,0,0,0,0,0
20180527,0,0,0,0,0,0,1,0,0,1,0
20180526,0,0,0,0,0,1,0,0,0,1,0
20180525,0,0,0,0,1,0,0,0,0,0,0
20180524,0,0,0,1,0,0,0,0,0,0,0
20180523,0,0,1,0,0,0,0,0,0,0,0
20180522,0,1,0,0,0,0,0,0,0,0,0
20180521,1,0,0,0,0,0,0,0,0,0,0
20180520,0,0,0,0,0,0,1,0,0,1,0
20180519,0,0,0,0,0,1,0,0,0,1,0
20180518,0,0,0,0,1,0,0,0,0,0,0
20180517,0,0,0,1,0,0,0,0,0,0,0
20180516,0,0,1,0,0,0,0,0,0,0,0
20180515,0,1,0,0,0,0,0,0,0,0,0
20180514,1,0,0,0,0,0,0,0,0,0,0
20180513,0,0,0,0,0,0,1,0,0,1,0
20180512,0,0,0,0,0,1,0,0,0,1,0
20180511,0,0,0,0,1,0,0,0,0,0,0
20180510,0,0,0,1,0,0,0,0,0,0,0
20180509,0,0,1,0,0,0,0,0,0,0,0
20180508,0,1,0,0,0,0,0,0,0,0,0
20180507,1,0,0,0,0,0,0,0,0,0,0
20180506,0,0,0,0,0,0,1,0,0,1,0
20180505,0,0,0,0,0,1,0,1,Ç±Ç«Ç‡ÇÃì˙,1,0
20180504,0,0,0,0,1,0,0,1,Ç›Ç«ÇËÇÃì˙,1,0
20180503,0,0,0,1,0,0,0,1,åõñ@ãLîOì˙,1,0
20180502,0,0,1,0,0,0,0,0,0,0,0
20180501,0,1,0,0,0,0,0,0,0,0,0
20180430,1,0,0,0,0,0,0,1,êUë÷ãxì˙,1,0
20180429,0,0,0,0,0,0,1,1,è∫òaÇÃì˙,1,0
20180428,0,0,0,0,0,1,0,0,0,1,0
20180427,0,0,0,0,1,0,0,0,0,0,0
20180426,0,0,0,1,0,0,0,0,0,0,0
20180425,0,0,1,0,0,0,0,0,0,0,0
20180424,0,1,0,0,0,0,0,0,0,0,0
20180423,1,0,0,0,0,0,0,0,0,0,0
20180422,0,0,0,0,0,0,1,0,0,1,0
20180421,0,0,0,0,0,1,0,0,0,1,0
20180420,0,0,0,0,1,0,0,0,0,0,0
20180419,0,0,0,1,0,0,0,0,0,0,0
20180418,0,0,1,0,0,0,0,0,0,0,0
20180417,0,1,0,0,0,0,0,0,0,0,0
20180416,1,0,0,0,0,0,0,0,0,0,0
20180415,0,0,0,0,0,0,1,0,0,1,0
20180414,0,0,0,0,0,1,0,0,0,1,0
20180413,0,0,0,0,1,0,0,0,0,0,0
20180412,0,0,0,1,0,0,0,0,0,0,0
20180411,0,0,1,0,0,0,0,0,0,0,0
20180410,0,1,0,0,0,0,0,0,0,0,0
20180409,1,0,0,0,0,0,0,0,0,0,0
20180408,0,0,0,0,0,0,1,0,0,1,0
20180407,0,0,0,0,0,1,0,0,0,1,0
20180406,0,0,0,0,1,0,0,0,0,0,0
20180405,0,0,0,1,0,0,0,0,0,0,0
20180404,0,0,1,0,0,0,0,0,0,0,0
20180403,0,1,0,0,0,0,0,0,0,0,0
20180402,1,0,0,0,0,0,0,0,0,0,0
20180401,0,0,0,0,0,0,1,0,0,1,0
20180331,0,0,0,0,0,1,0,0,0,1,0
20180330,0,0,0,0,1,0,0,0,0,0,0
20180329,0,0,0,1,0,0,0,0,0,0,0
20180328,0,0,1,0,0,0,0,0,0,0,0
20180327,0,1,0,0,0,0,0,0,0,0,0
20180326,1,0,0,0,0,0,0,0,0,0,0
20180325,0,0,0,0,0,0,1,0,0,1,0
20180324,0,0,0,0,0,1,0,0,0,1,0
20180323,0,0,0,0,1,0,0,0,0,0,0
20180322,0,0,0,1,0,0,0,0,0,0,0
20180321,0,0,1,0,0,0,0,1,ètï™ÇÃì˙,1,0
20180320,0,1,0,0,0,0,0,0,0,0,0
20180319,1,0,0,0,0,0,0,0,0,0,0
20180318,0,0,0,0,0,0,1,0,0,1,0
20180317,0,0,0,0,0,1,0,0,0,1,0
20180316,0,0,0,0,1,0,0,0,0,0,0
20180315,0,0,0,1,0,0,0,0,0,0,0
20180314,0,0,1,0,0,0,0,0,0,0,0
20180313,0,1,0,0,0,0,0,0,0,0,0
20180312,1,0,0,0,0,0,0,0,0,0,0
20180311,0,0,0,0,0,0,1,0,0,1,0
20180310,0,0,0,0,0,1,0,0,0,1,0
20180309,0,0,0,0,1,0,0,0,0,0,0
20180308,0,0,0,1,0,0,0,0,0,0,0
20180307,0,0,1,0,0,0,0,0,0,0,0
20180306,0,1,0,0,0,0,0,0,0,0,0
20180305,1,0,0,0,0,0,0,0,0,0,0
20180304,0,0,0,0,0,0,1,0,0,1,0
20180303,0,0,0,0,0,1,0,0,0,1,0
20180302,0,0,0,0,1,0,0,0,0,0,0
20180301,0,0,0,1,0,0,0,0,0,0,0
20180228,0,0,1,0,0,0,0,0,0,0,0
20180227,0,1,0,0,0,0,0,0,0,0,0
20180226,1,0,0,0,0,0,0,0,0,0,0
20180225,0,0,0,0,0,0,1,0,0,1,0
20180224,0,0,0,0,0,1,0,0,0,1,0
20180223,0,0,0,0,1,0,0,0,0,0,0
20180222,0,0,0,1,0,0,0,0,0,0,0
20180221,0,0,1,0,0,0,0,0,0,0,0
20180220,0,1,0,0,0,0,0,0,0,0,0
20180219,1,0,0,0,0,0,0,0,0,0,0
20180218,0,0,0,0,0,0,1,0,0,1,0
20180217,0,0,0,0,0,1,0,0,0,1,0
20180216,0,0,0,0,1,0,0,0,0,0,0
20180215,0,0,0,1,0,0,0,0,0,0,0
20180214,0,0,1,0,0,0,0,0,0,0,0
20180213,0,1,0,0,0,0,0,0,0,0,0
20180212,1,0,0,0,0,0,0,1,êUë÷ãxì˙,1,0
20180211,0,0,0,0,0,0,1,1,åöçëãLîOÇÃì˙,1,0
20180210,0,0,0,0,0,1,0,0,0,1,0
20180209,0,0,0,0,1,0,0,0,0,0,0
20180208,0,0,0,1,0,0,0,0,0,0,0
20180207,0,0,1,0,0,0,0,0,0,0,0
20180206,0,1,0,0,0,0,0,0,0,0,0
20180205,1,0,0,0,0,0,0,0,0,0,0
20180204,0,0,0,0,0,0,1,0,0,1,0
20180203,0,0,0,0,0,1,0,0,0,1,0
20180202,0,0,0,0,1,0,0,0,0,0,0
20180201,0,0,0,1,0,0,0,0,0,0,0
20180131,0,0,1,0,0,0,0,0,0,0,0
20180130,0,1,0,0,0,0,0,0,0,0,0
20180129,1,0,0,0,0,0,0,0,0,0,0
20180128,0,0,0,0,0,0,1,0,0,1,0
20180127,0,0,0,0,0,1,0,0,0,1,0
20180126,0,0,0,0,1,0,0,0,0,0,0
20180125,0,0,0,1,0,0,0,0,0,0,0
20180124,0,0,1,0,0,0,0,0,0,0,0
20180123,0,1,0,0,0,0,0,0,0,0,0
20180122,1,0,0,0,0,0,0,0,0,0,0
20180121,0,0,0,0,0,0,1,0,0,1,0
20180120,0,0,0,0,0,1,0,0,0,1,0
20180119,0,0,0,0,1,0,0,0,0,0,0
20180118,0,0,0,1,0,0,0,0,0,0,0
20180117,0,0,1,0,0,0,0,0,0,0,0
20180116,0,1,0,0,0,0,0,0,0,0,0
20180115,1,0,0,0,0,0,0,0,0,0,0
20180114,0,0,0,0,0,0,1,0,0,1,0
20180113,0,0,0,0,0,1,0,0,0,1,0
20180112,0,0,0,0,1,0,0,0,0,0,0
20180111,0,0,0,1,0,0,0,0,0,0,0
20180110,0,0,1,0,0,0,0,0,0,0,0
20180109,0,1,0,0,0,0,0,0,0,0,0
20180108,1,0,0,0,0,0,0,1,ê¨êlÇÃì˙,1,0
20180107,0,0,0,0,0,0,1,0,0,1,0
20180106,0,0,0,0,0,1,0,0,0,1,0
20180105,0,0,0,0,1,0,0,0,0,0,0
20180104,0,0,0,1,0,0,0,0,0,0,0
20180103,0,0,1,0,0,0,0,0,0,1,1
20180102,0,1,0,0,0,0,0,0,0,1,1
20180101,1,0,0,0,0,0,0,1,å≥ì˙,1,1
20171231,0,0,0,0,0,0,1,0,0,1,1
20171230,0,0,0,0,0,1,0,0,0,1,0
20171229,0,0,0,0,1,0,0,0,0,0,0
20171228,0,0,0,1,0,0,0,0,0,0,0
20171227,0,0,1,0,0,0,0,0,0,0,0
20171226,0,1,0,0,0,0,0,0,0,0,0
20171225,1,0,0,0,0,0,0,0,0,0,0
20171224,0,0,0,0,0,0,1,0,0,1,0
20171223,0,0,0,0,0,1,0,1,ìVçcíaê∂ì˙,1,0
20171222,0,0,0,0,1,0,0,0,0,0,0
20171221,0,0,0,1,0,0,0,0,0,0,0
20171220,0,0,1,0,0,0,0,0,0,0,0
20171219,0,1,0,0,0,0,0,0,0,0,0
20171218,1,0,0,0,0,0,0,0,0,0,0
20171217,0,0,0,0,0,0,1,0,0,1,0
20171216,0,0,0,0,0,1,0,0,0,1,0
20171215,0,0,0,0,1,0,0,0,0,0,0
20171214,0,0,0,1,0,0,0,0,0,0,0
20171213,0,0,1,0,0,0,0,0,0,0,0
20171212,0,1,0,0,0,0,0,0,0,0,0
20171211,1,0,0,0,0,0,0,0,0,0,0
20171210,0,0,0,0,0,0,1,0,0,1,0
20171209,0,0,0,0,0,1,0,0,0,1,0
20171208,0,0,0,0,1,0,0,0,0,0,0
20171207,0,0,0,1,0,0,0,0,0,0,0
20171206,0,0,1,0,0,0,0,0,0,0,0
20171205,0,1,0,0,0,0,0,0,0,0,0
20171204,1,0,0,0,0,0,0,0,0,0,0
20171203,0,0,0,0,0,0,1,0,0,1,0
20171202,0,0,0,0,0,1,0,0,0,1,0
20171201,0,0,0,0,1,0,0,0,0,0,0
20171130,0,0,0,1,0,0,0,0,0,0,0
20171129,0,0,1,0,0,0,0,0,0,0,0
20171128,0,1,0,0,0,0,0,0,0,0,0
20171127,1,0,0,0,0,0,0,0,0,0,0
20171126,0,0,0,0,0,0,1,0,0,1,0
20171125,0,0,0,0,0,1,0,0,0,1,0
20171124,0,0,0,0,1,0,0,0,0,0,0
20171123,0,0,0,1,0,0,0,1,ãŒòJä¥é”ÇÃì˙,1,0
20171122,0,0,1,0,0,0,0,0,0,0,0
20171121,0,1,0,0,0,0,0,0,0,0,0
20171120,1,0,0,0,0,0,0,0,0,0,0
20171119,0,0,0,0,0,0,1,0,0,1,0
20171118,0,0,0,0,0,1,0,0,0,1,0
20171117,0,0,0,0,1,0,0,0,0,0,0
20171116,0,0,0,1,0,0,0,0,0,0,0
20171115,0,0,1,0,0,0,0,0,0,0,0
20171114,0,1,0,0,0,0,0,0,0,0,0
20171113,1,0,0,0,0,0,0,0,0,0,0
20171112,0,0,0,0,0,0,1,0,0,1,0
20171111,0,0,0,0,0,1,0,0,0,1,0
20171110,0,0,0,0,1,0,0,0,0,0,0
20171109,0,0,0,1,0,0,0,0,0,0,0
20171108,0,0,1,0,0,0,0,0,0,0,0
20171107,0,1,0,0,0,0,0,0,0,0,0
20171106,1,0,0,0,0,0,0,0,0,0,0
20171105,0,0,0,0,0,0,1,0,0,1,0
20171104,0,0,0,0,0,1,0,0,0,1,0
20171103,0,0,0,0,1,0,0,1,ï∂âªÇÃì˙,1,0
20171102,0,0,0,1,0,0,0,0,0,0,0
20171101,0,0,1,0,0,0,0,0,0,0,0
20171031,0,1,0,0,0,0,0,0,0,0,0
20171030,1,0,0,0,0,0,0,0,0,0,0
20171029,0,0,0,0,0,0,1,0,0,1,0
20171028,0,0,0,0,0,1,0,0,0,1,0
20171027,0,0,0,0,1,0,0,0,0,0,0
20171026,0,0,0,1,0,0,0,0,0,0,0
20171025,0,0,1,0,0,0,0,0,0,0,0
20171024,0,1,0,0,0,0,0,0,0,0,0
20171023,1,0,0,0,0,0,0,0,0,0,0
20171022,0,0,0,0,0,0,1,0,0,1,0
20171021,0,0,0,0,0,1,0,0,0,1,0
20171020,0,0,0,0,1,0,0,0,0,0,0
20171019,0,0,0,1,0,0,0,0,0,0,0
20171018,0,0,1,0,0,0,0,0,0,0,0
20171017,0,1,0,0,0,0,0,0,0,0,0
20171016,1,0,0,0,0,0,0,0,0,0,0
20171015,0,0,0,0,0,0,1,0,0,1,0
20171014,0,0,0,0,0,1,0,0,0,1,0
20171013,0,0,0,0,1,0,0,0,0,0,0
20171012,0,0,0,1,0,0,0,0,0,0,0
20171011,0,0,1,0,0,0,0,0,0,0,0
20171010,0,1,0,0,0,0,0,0,0,0,0
20171009,1,0,0,0,0,0,0,1,ëÃàÁÇÃì˙,1,0
20171008,0,0,0,0,0,0,1,0,0,1,0
20171007,0,0,0,0,0,1,0,0,0,1,0
20171006,0,0,0,0,1,0,0,0,0,0,0
20171005,0,0,0,1,0,0,0,0,0,0,0
20171004,0,0,1,0,0,0,0,0,0,0,0
20171003,0,1,0,0,0,0,0,0,0,0,0
20171002,1,0,0,0,0,0,0,0,0,0,0
20171001,0,0,0,0,0,0,1,0,0,1,0
20170930,0,0,0,0,0,1,0,0,0,1,0
20170929,0,0,0,0,1,0,0,0,0,0,0
20170928,0,0,0,1,0,0,0,0,0,0,0
20170927,0,0,1,0,0,0,0,0,0,0,0
20170926,0,1,0,0,0,0,0,0,0,0,0
20170925,1,0,0,0,0,0,0,0,0,0,0
20170924,0,0,0,0,0,0,1,0,0,1,0
20170923,0,0,0,0,0,1,0,1,èHï™ÇÃì˙,1,0
20170922,0,0,0,0,1,0,0,0,0,0,0
20170921,0,0,0,1,0,0,0,0,0,0,0
20170920,0,0,1,0,0,0,0,0,0,0,0
20170919,0,1,0,0,0,0,0,0,0,0,0
20170918,1,0,0,0,0,0,0,1,åhòVÇÃì˙,1,0
20170917,0,0,0,0,0,0,1,0,0,1,0
20170916,0,0,0,0,0,1,0,0,0,1,0
20170915,0,0,0,0,1,0,0,0,0,0,0
20170914,0,0,0,1,0,0,0,0,0,0,0
20170913,0,0,1,0,0,0,0,0,0,0,0
20170912,0,1,0,0,0,0,0,0,0,0,0
20170911,1,0,0,0,0,0,0,0,0,0,0
20170910,0,0,0,0,0,0,1,0,0,1,0
20170909,0,0,0,0,0,1,0,0,0,1,0
20170908,0,0,0,0,1,0,0,0,0,0,0
20170907,0,0,0,1,0,0,0,0,0,0,0
20170906,0,0,1,0,0,0,0,0,0,0,0
20170905,0,1,0,0,0,0,0,0,0,0,0
20170904,1,0,0,0,0,0,0,0,0,0,0
20170903,0,0,0,0,0,0,1,0,0,1,0
20170902,0,0,0,0,0,1,0,0,0,1,0
20170901,0,0,0,0,1,0,0,0,0,0,0
20170831,0,0,0,1,0,0,0,0,0,0,0
20170830,0,0,1,0,0,0,0,0,0,0,0
20170829,0,1,0,0,0,0,0,0,0,0,0
20170828,1,0,0,0,0,0,0,0,0,0,0
20170827,0,0,0,0,0,0,1,0,0,1,0
20170826,0,0,0,0,0,1,0,0,0,1,0
20170825,0,0,0,0,1,0,0,0,0,0,0
20170824,0,0,0,1,0,0,0,0,0,0,0
20170823,0,0,1,0,0,0,0,0,0,0,0
20170822,0,1,0,0,0,0,0,0,0,0,0
20170821,1,0,0,0,0,0,0,0,0,0,0
20170820,0,0,0,0,0,0,1,0,0,1,0
20170819,0,0,0,0,0,1,0,0,0,1,0
20170818,0,0,0,0,1,0,0,0,0,0,0
20170817,0,0,0,1,0,0,0,0,0,0,0
20170816,0,0,1,0,0,0,0,0,0,0,0
20170815,0,1,0,0,0,0,0,0,0,0,0
20170814,1,0,0,0,0,0,0,0,0,0,0
20170813,0,0,0,0,0,0,1,0,0,1,0
20170812,0,0,0,0,0,1,0,0,0,1,0
20170811,0,0,0,0,1,0,0,1,éRÇÃì˙,1,0
20170810,0,0,0,1,0,0,0,0,0,0,0
20170809,0,0,1,0,0,0,0,0,0,0,0
20170808,0,1,0,0,0,0,0,0,0,0,0
20170807,1,0,0,0,0,0,0,0,0,0,0
20170806,0,0,0,0,0,0,1,0,0,1,0
20170805,0,0,0,0,0,1,0,0,0,1,0
20170804,0,0,0,0,1,0,0,0,0,0,0
20170803,0,0,0,1,0,0,0,0,0,0,0
20170802,0,0,1,0,0,0,0,0,0,0,0
20170801,0,1,0,0,0,0,0,0,0,0,0
20170731,1,0,0,0,0,0,0,0,0,0,0
20170730,0,0,0,0,0,0,1,0,0,1,0
20170729,0,0,0,0,0,1,0,0,0,1,0
20170728,0,0,0,0,1,0,0,0,0,0,0
20170727,0,0,0,1,0,0,0,0,0,0,0
20170726,0,0,1,0,0,0,0,0,0,0,0
20170725,0,1,0,0,0,0,0,0,0,0,0
20170724,1,0,0,0,0,0,0,0,0,0,0
20170723,0,0,0,0,0,0,1,0,0,1,0
20170722,0,0,0,0,0,1,0,0,0,1,0
20170721,0,0,0,0,1,0,0,0,0,0,0
20170720,0,0,0,1,0,0,0,0,0,0,0
20170719,0,0,1,0,0,0,0,0,0,0,0
20170718,0,1,0,0,0,0,0,0,0,0,0
20170717,1,0,0,0,0,0,0,1,äCÇÃì˙,1,0
20170716,0,0,0,0,0,0,1,0,0,1,0
20170715,0,0,0,0,0,1,0,0,0,1,0
20170714,0,0,0,0,1,0,0,0,0,0,0
20170713,0,0,0,1,0,0,0,0,0,0,0
20170712,0,0,1,0,0,0,0,0,0,0,0
20170711,0,1,0,0,0,0,0,0,0,0,0
20170710,1,0,0,0,0,0,0,0,0,0,0
20170709,0,0,0,0,0,0,1,0,0,1,0
20170708,0,0,0,0,0,1,0,0,0,1,0
20170707,0,0,0,0,1,0,0,0,0,0,0
20170706,0,0,0,1,0,0,0,0,0,0,0
20170705,0,0,1,0,0,0,0,0,0,0,0
20170704,0,1,0,0,0,0,0,0,0,0,0
20170703,1,0,0,0,0,0,0,0,0,0,0
20170702,0,0,0,0,0,0,1,0,0,1,0
20170701,0,0,0,0,0,1,0,0,0,1,0
20170630,0,0,0,0,1,0,0,0,0,0,0
20170629,0,0,0,1,0,0,0,0,0,0,0
20170628,0,0,1,0,0,0,0,0,0,0,0
20170627,0,1,0,0,0,0,0,0,0,0,0
20170626,1,0,0,0,0,0,0,0,0,0,0
20170625,0,0,0,0,0,0,1,0,0,1,0
20170624,0,0,0,0,0,1,0,0,0,1,0
20170623,0,0,0,0,1,0,0,0,0,0,0
20170622,0,0,0,1,0,0,0,0,0,0,0
20170621,0,0,1,0,0,0,0,0,0,0,0
20170620,0,1,0,0,0,0,0,0,0,0,0
20170619,1,0,0,0,0,0,0,0,0,0,0
20170618,0,0,0,0,0,0,1,0,0,1,0
20170617,0,0,0,0,0,1,0,0,0,1,0
20170616,0,0,0,0,1,0,0,0,0,0,0
20170615,0,0,0,1,0,0,0,0,0,0,0
20170614,0,0,1,0,0,0,0,0,0,0,0
20170613,0,1,0,0,0,0,0,0,0,0,0
20170612,1,0,0,0,0,0,0,0,0,0,0
20170611,0,0,0,0,0,0,1,0,0,1,0
20170610,0,0,0,0,0,1,0,0,0,1,0
20170609,0,0,0,0,1,0,0,0,0,0,0
20170608,0,0,0,1,0,0,0,0,0,0,0
20170607,0,0,1,0,0,0,0,0,0,0,0
20170606,0,1,0,0,0,0,0,0,0,0,0
20170605,1,0,0,0,0,0,0,0,0,0,0
20170604,0,0,0,0,0,0,1,0,0,1,0
20170603,0,0,0,0,0,1,0,0,0,1,0
20170602,0,0,0,0,1,0,0,0,0,0,0
20170601,0,0,0,1,0,0,0,0,0,0,0
20170531,0,0,1,0,0,0,0,0,0,0,0
20170530,0,1,0,0,0,0,0,0,0,0,0
20170529,1,0,0,0,0,0,0,0,0,0,0
20170528,0,0,0,0,0,0,1,0,0,1,0
20170527,0,0,0,0,0,1,0,0,0,1,0
20170526,0,0,0,0,1,0,0,0,0,0,0
20170525,0,0,0,1,0,0,0,0,0,0,0
20170524,0,0,1,0,0,0,0,0,0,0,0
20170523,0,1,0,0,0,0,0,0,0,0,0
20170522,1,0,0,0,0,0,0,0,0,0,0
20170521,0,0,0,0,0,0,1,0,0,1,0
20170520,0,0,0,0,0,1,0,0,0,1,0
20170519,0,0,0,0,1,0,0,0,0,0,0
20170518,0,0,0,1,0,0,0,0,0,0,0
20170517,0,0,1,0,0,0,0,0,0,0,0
20170516,0,1,0,0,0,0,0,0,0,0,0
20170515,1,0,0,0,0,0,0,0,0,0,0
20170514,0,0,0,0,0,0,1,0,0,1,0
20170513,0,0,0,0,0,1,0,0,0,1,0
20170512,0,0,0,0,1,0,0,0,0,0,0
20170511,0,0,0,1,0,0,0,0,0,0,0
20170510,0,0,1,0,0,0,0,0,0,0,0
20170509,0,1,0,0,0,0,0,0,0,0,0
20170508,1,0,0,0,0,0,0,0,0,0,0
20170507,0,0,0,0,0,0,1,0,0,1,0
20170506,0,0,0,0,0,1,0,0,0,1,0
20170505,0,0,0,0,1,0,0,1,Ç±Ç«Ç‡ÇÃì˙,1,0
20170504,0,0,0,1,0,0,0,1,Ç›Ç«ÇËÇÃì˙,1,0
20170503,0,0,1,0,0,0,0,1,åõñ@ãLîOì˙,1,0
20170502,0,1,0,0,0,0,0,0,0,0,0
20170501,1,0,0,0,0,0,0,0,0,0,0
20170430,0,0,0,0,0,0,1,0,0,1,0
20170429,0,0,0,0,0,1,0,1,è∫òaÇÃì˙,1,0
20170428,0,0,0,0,1,0,0,0,0,0,0
20170427,0,0,0,1,0,0,0,0,0,0,0
20170426,0,0,1,0,0,0,0,0,0,0,0
20170425,0,1,0,0,0,0,0,0,0,0,0
20170424,1,0,0,0,0,0,0,0,0,0,0
20170423,0,0,0,0,0,0,1,0,0,1,0
20170422,0,0,0,0,0,1,0,0,0,1,0
20170421,0,0,0,0,1,0,0,0,0,0,0
20170420,0,0,0,1,0,0,0,0,0,0,0
20170419,0,0,1,0,0,0,0,0,0,0,0
20170418,0,1,0,0,0,0,0,0,0,0,0
20170417,1,0,0,0,0,0,0,0,0,0,0
20170416,0,0,0,0,0,0,1,0,0,1,0
20170415,0,0,0,0,0,1,0,0,0,1,0
20170414,0,0,0,0,1,0,0,0,0,0,0
20170413,0,0,0,1,0,0,0,0,0,0,0
20170412,0,0,1,0,0,0,0,0,0,0,0
20170411,0,1,0,0,0,0,0,0,0,0,0
20170410,1,0,0,0,0,0,0,0,0,0,0
20170409,0,0,0,0,0,0,1,0,0,1,0
20170408,0,0,0,0,0,1,0,0,0,1,0
20170407,0,0,0,0,1,0,0,0,0,0,0
20170406,0,0,0,1,0,0,0,0,0,0,0
20170405,0,0,1,0,0,0,0,0,0,0,0
20170404,0,1,0,0,0,0,0,0,0,0,0
20170403,1,0,0,0,0,0,0,0,0,0,0
20170402,0,0,0,0,0,0,1,0,0,1,0
20170401,0,0,0,0,0,1,0,0,0,1,0
20170331,0,0,0,0,1,0,0,0,0,0,0
20170330,0,0,0,1,0,0,0,0,0,0,0
20170329,0,0,1,0,0,0,0,0,0,0,0
20170328,0,1,0,0,0,0,0,0,0,0,0
20170327,1,0,0,0,0,0,0,0,0,0,0
20170326,0,0,0,0,0,0,1,0,0,1,0
20170325,0,0,0,0,0,1,0,0,0,1,0
20170324,0,0,0,0,1,0,0,0,0,0,0
20170323,0,0,0,1,0,0,0,0,0,0,0
20170322,0,0,1,0,0,0,0,0,0,0,0
20170321,0,1,0,0,0,0,0,0,0,0,0
20170320,1,0,0,0,0,0,0,1,ètï™ÇÃì˙,1,0
20170319,0,0,0,0,0,0,1,0,0,1,0
20170318,0,0,0,0,0,1,0,0,0,1,0
20170317,0,0,0,0,1,0,0,0,0,0,0
20170316,0,0,0,1,0,0,0,0,0,0,0
20170315,0,0,1,0,0,0,0,0,0,0,0
20170314,0,1,0,0,0,0,0,0,0,0,0
20170313,1,0,0,0,0,0,0,0,0,0,0
20170312,0,0,0,0,0,0,1,0,0,1,0
20170311,0,0,0,0,0,1,0,0,0,1,0
20170310,0,0,0,0,1,0,0,0,0,0,0
20170309,0,0,0,1,0,0,0,0,0,0,0
20170308,0,0,1,0,0,0,0,0,0,0,0
20170307,0,1,0,0,0,0,0,0,0,0,0
20170306,1,0,0,0,0,0,0,0,0,0,0
20170305,0,0,0,0,0,0,1,0,0,1,0
20170304,0,0,0,0,0,1,0,0,0,1,0
20170303,0,0,0,0,1,0,0,0,0,0,0
20170302,0,0,0,1,0,0,0,0,0,0,0
20170301,0,0,1,0,0,0,0,0,0,0,0
20170228,0,1,0,0,0,0,0,0,0,0,0
20170227,1,0,0,0,0,0,0,0,0,0,0
20170226,0,0,0,0,0,0,1,0,0,1,0
20170225,0,0,0,0,0,1,0,0,0,1,0
20170224,0,0,0,0,1,0,0,0,0,0,0
20170223,0,0,0,1,0,0,0,0,0,0,0
20170222,0,0,1,0,0,0,0,0,0,0,0
20170221,0,1,0,0,0,0,0,0,0,0,0
20170220,1,0,0,0,0,0,0,0,0,0,0
20170219,0,0,0,0,0,0,1,0,0,1,0
20170218,0,0,0,0,0,1,0,0,0,1,0
20170217,0,0,0,0,1,0,0,0,0,0,0
20170216,0,0,0,1,0,0,0,0,0,0,0
20170215,0,0,1,0,0,0,0,0,0,0,0
20170214,0,1,0,0,0,0,0,0,0,0,0
20170213,1,0,0,0,0,0,0,0,0,0,0
20170212,0,0,0,0,0,0,1,0,0,1,0
20170211,0,0,0,0,0,1,0,1,åöçëãLîOÇÃì˙,1,0
20170210,0,0,0,0,1,0,0,0,0,0,0
20170209,0,0,0,1,0,0,0,0,0,0,0
20170208,0,0,1,0,0,0,0,0,0,0,0
20170207,0,1,0,0,0,0,0,0,0,0,0
20170206,1,0,0,0,0,0,0,0,0,0,0
20170205,0,0,0,0,0,0,1,0,0,1,0
20170204,0,0,0,0,0,1,0,0,0,1,0
20170203,0,0,0,0,1,0,0,0,0,0,0
20170202,0,0,0,1,0,0,0,0,0,0,0
20170201,0,0,1,0,0,0,0,0,0,0,0
20170131,0,1,0,0,0,0,0,0,0,0,0
20170130,1,0,0,0,0,0,0,0,0,0,0
20170129,0,0,0,0,0,0,1,0,0,1,0
20170128,0,0,0,0,0,1,0,0,0,1,0
20170127,0,0,0,0,1,0,0,0,0,0,0
20170126,0,0,0,1,0,0,0,0,0,0,0
20170125,0,0,1,0,0,0,0,0,0,0,0
20170124,0,1,0,0,0,0,0,0,0,0,0
20170123,1,0,0,0,0,0,0,0,0,0,0
20170122,0,0,0,0,0,0,1,0,0,1,0
20170121,0,0,0,0,0,1,0,0,0,1,0
20170120,0,0,0,0,1,0,0,0,0,0,0
20170119,0,0,0,1,0,0,0,0,0,0,0
20170118,0,0,1,0,0,0,0,0,0,0,0
20170117,0,1,0,0,0,0,0,0,0,0,0
20170116,1,0,0,0,0,0,0,0,0,0,0
20170115,0,0,0,0,0,0,1,0,0,1,0
20170114,0,0,0,0,0,1,0,0,0,1,0
20170113,0,0,0,0,1,0,0,0,0,0,0
20170112,0,0,0,1,0,0,0,0,0,0,0
20170111,0,0,1,0,0,0,0,0,0,0,0
20170110,0,1,0,0,0,0,0,0,0,0,0
20170109,1,0,0,0,0,0,0,1,ê¨êlÇÃì˙,1,0
20170108,0,0,0,0,0,0,1,0,0,1,0
20170107,0,0,0,0,0,1,0,0,0,1,0
20170106,0,0,0,0,1,0,0,0,0,0,0
20170105,0,0,0,1,0,0,0,0,0,0,0
20170104,0,0,1,0,0,0,0,0,0,0,0
20170103,0,1,0,0,0,0,0,0,0,1,1
20170102,1,0,0,0,0,0,0,1,êUë÷ãxì˙,1,1
20170101,0,0,0,0,0,0,1,1,å≥ì˙,1,1
20161231,0,0,0,0,0,1,0,0,0,1,1
20161230,0,0,0,0,1,0,0,0,0,0,0
20161229,0,0,0,1,0,0,0,0,0,0,0
20161228,0,0,1,0,0,0,0,0,0,0,0
20161227,0,1,0,0,0,0,0,0,0,0,0
20161226,1,0,0,0,0,0,0,0,0,0,0
20161225,0,0,0,0,0,0,1,0,0,1,0
20161224,0,0,0,0,0,1,0,0,0,1,0
20161223,0,0,0,0,1,0,0,1,ìVçcíaê∂ì˙,1,0
20161222,0,0,0,1,0,0,0,0,0,0,0
20161221,0,0,1,0,0,0,0,0,0,0,0
20161220,0,1,0,0,0,0,0,0,0,0,0
20161219,1,0,0,0,0,0,0,0,0,0,0
20161218,0,0,0,0,0,0,1,0,0,1,0
20161217,0,0,0,0,0,1,0,0,0,1,0
20161216,0,0,0,0,1,0,0,0,0,0,0
20161215,0,0,0,1,0,0,0,0,0,0,0
20161214,0,0,1,0,0,0,0,0,0,0,0
20161213,0,1,0,0,0,0,0,0,0,0,0
20161212,1,0,0,0,0,0,0,0,0,0,0
20161211,0,0,0,0,0,0,1,0,0,1,0
20161210,0,0,0,0,0,1,0,0,0,1,0
20161209,0,0,0,0,1,0,0,0,0,0,0
20161208,0,0,0,1,0,0,0,0,0,0,0
20161207,0,0,1,0,0,0,0,0,0,0,0
20161206,0,1,0,0,0,0,0,0,0,0,0
20161205,1,0,0,0,0,0,0,0,0,0,0
20161204,0,0,0,0,0,0,1,0,0,1,0
20161203,0,0,0,0,0,1,0,0,0,1,0
20161202,0,0,0,0,1,0,0,0,0,0,0
20161201,0,0,0,1,0,0,0,0,0,0,0
20161130,0,0,1,0,0,0,0,0,0,0,0
20161129,0,1,0,0,0,0,0,0,0,0,0
20161128,1,0,0,0,0,0,0,0,0,0,0
20161127,0,0,0,0,0,0,1,0,0,1,0
20161126,0,0,0,0,0,1,0,0,0,1,0
20161125,0,0,0,0,1,0,0,0,0,0,0
20161124,0,0,0,1,0,0,0,0,0,0,0
20161123,0,0,1,0,0,0,0,1,ãŒòJä¥é”ÇÃì˙,1,0
20161122,0,1,0,0,0,0,0,0,0,0,0
20161121,1,0,0,0,0,0,0,0,0,0,0
20161120,0,0,0,0,0,0,1,0,0,1,0
20161119,0,0,0,0,0,1,0,0,0,1,0
20161118,0,0,0,0,1,0,0,0,0,0,0
20161117,0,0,0,1,0,0,0,0,0,0,0
20161116,0,0,1,0,0,0,0,0,0,0,0
20161115,0,1,0,0,0,0,0,0,0,0,0
20161114,1,0,0,0,0,0,0,0,0,0,0
20161113,0,0,0,0,0,0,1,0,0,1,0
20161112,0,0,0,0,0,1,0,0,0,1,0
20161111,0,0,0,0,1,0,0,0,0,0,0
20161110,0,0,0,1,0,0,0,0,0,0,0
20161109,0,0,1,0,0,0,0,0,0,0,0
20161108,0,1,0,0,0,0,0,0,0,0,0
20161107,1,0,0,0,0,0,0,0,0,0,0
20161106,0,0,0,0,0,0,1,0,0,1,0
20161105,0,0,0,0,0,1,0,0,0,1,0
20161104,0,0,0,0,1,0,0,0,0,0,0
20161103,0,0,0,1,0,0,0,1,ï∂âªÇÃì˙,1,0
20161102,0,0,1,0,0,0,0,0,0,0,0
20161101,0,1,0,0,0,0,0,0,0,0,0
20161031,1,0,0,0,0,0,0,0,0,0,0
20161030,0,0,0,0,0,0,1,0,0,1,0
20161029,0,0,0,0,0,1,0,0,0,1,0
20161028,0,0,0,0,1,0,0,0,0,0,0
20161027,0,0,0,1,0,0,0,0,0,0,0
20161026,0,0,1,0,0,0,0,0,0,0,0
20161025,0,1,0,0,0,0,0,0,0,0,0
20161024,1,0,0,0,0,0,0,0,0,0,0
20161023,0,0,0,0,0,0,1,0,0,1,0
20161022,0,0,0,0,0,1,0,0,0,1,0
20161021,0,0,0,0,1,0,0,0,0,0,0
20161020,0,0,0,1,0,0,0,0,0,0,0
20161019,0,0,1,0,0,0,0,0,0,0,0
20161018,0,1,0,0,0,0,0,0,0,0,0
20161017,1,0,0,0,0,0,0,0,0,0,0
20161016,0,0,0,0,0,0,1,0,0,1,0
20161015,0,0,0,0,0,1,0,0,0,1,0
20161014,0,0,0,0,1,0,0,0,0,0,0
20161013,0,0,0,1,0,0,0,0,0,0,0
20161012,0,0,1,0,0,0,0,0,0,0,0
20161011,0,1,0,0,0,0,0,0,0,0,0
20161010,1,0,0,0,0,0,0,1,ëÃàÁÇÃì˙,1,0
20161009,0,0,0,0,0,0,1,0,0,1,0
20161008,0,0,0,0,0,1,0,0,0,1,0
20161007,0,0,0,0,1,0,0,0,0,0,0
20161006,0,0,0,1,0,0,0,0,0,0,0
20161005,0,0,1,0,0,0,0,0,0,0,0
20161004,0,1,0,0,0,0,0,0,0,0,0
20161003,1,0,0,0,0,0,0,0,0,0,0
20161002,0,0,0,0,0,0,1,0,0,1,0
20161001,0,0,0,0,0,1,0,0,0,1,0
20160930,0,0,0,0,1,0,0,0,0,0,0
20160929,0,0,0,1,0,0,0,0,0,0,0
20160928,0,0,1,0,0,0,0,0,0,0,0
20160927,0,1,0,0,0,0,0,0,0,0,0
20160926,1,0,0,0,0,0,0,0,0,0,0
20160925,0,0,0,0,0,0,1,0,0,1,0
20160924,0,0,0,0,0,1,0,0,0,1,0
20160923,0,0,0,0,1,0,0,0,0,0,0
20160922,0,0,0,1,0,0,0,1,èHï™ÇÃì˙,1,0
20160921,0,0,1,0,0,0,0,0,0,0,0
20160920,0,1,0,0,0,0,0,0,0,0,0
20160919,1,0,0,0,0,0,0,1,åhòVÇÃì˙,1,0
20160918,0,0,0,0,0,0,1,0,0,1,0
20160917,0,0,0,0,0,1,0,0,0,1,0
20160916,0,0,0,0,1,0,0,0,0,0,0
20160915,0,0,0,1,0,0,0,0,0,0,0
20160914,0,0,1,0,0,0,0,0,0,0,0
20160913,0,1,0,0,0,0,0,0,0,0,0
20160912,1,0,0,0,0,0,0,0,0,0,0
20160911,0,0,0,0,0,0,1,0,0,1,0
20160910,0,0,0,0,0,1,0,0,0,1,0
20160909,0,0,0,0,1,0,0,0,0,0,0
20160908,0,0,0,1,0,0,0,0,0,0,0
20160907,0,0,1,0,0,0,0,0,0,0,0
20160906,0,1,0,0,0,0,0,0,0,0,0
20160905,1,0,0,0,0,0,0,0,0,0,0
20160904,0,0,0,0,0,0,1,0,0,1,0
20160903,0,0,0,0,0,1,0,0,0,1,0
20160902,0,0,0,0,1,0,0,0,0,0,0
20160901,0,0,0,1,0,0,0,0,0,0,0
20160831,0,0,1,0,0,0,0,0,0,0,0
20160830,0,1,0,0,0,0,0,0,0,0,0
20160829,1,0,0,0,0,0,0,0,0,0,0
20160828,0,0,0,0,0,0,1,0,0,1,0
20160827,0,0,0,0,0,1,0,0,0,1,0
20160826,0,0,0,0,1,0,0,0,0,0,0
20160825,0,0,0,1,0,0,0,0,0,0,0
20160824,0,0,1,0,0,0,0,0,0,0,0
20160823,0,1,0,0,0,0,0,0,0,0,0
20160822,1,0,0,0,0,0,0,0,0,0,0
20160821,0,0,0,0,0,0,1,0,0,1,0
20160820,0,0,0,0,0,1,0,0,0,1,0
20160819,0,0,0,0,1,0,0,0,0,0,0
20160818,0,0,0,1,0,0,0,0,0,0,0
20160817,0,0,1,0,0,0,0,0,0,0,0
20160816,0,1,0,0,0,0,0,0,0,0,0
20160815,1,0,0,0,0,0,0,0,0,0,0
20160814,0,0,0,0,0,0,1,0,0,1,0
20160813,0,0,0,0,0,1,0,0,0,1,0
20160812,0,0,0,0,1,0,0,0,0,0,0
20160811,0,0,0,1,0,0,0,1,éRÇÃì˙,1,0
20160810,0,0,1,0,0,0,0,0,0,0,0
20160809,0,1,0,0,0,0,0,0,0,0,0
20160808,1,0,0,0,0,0,0,0,0,0,0
20160807,0,0,0,0,0,0,1,0,0,1,0
20160806,0,0,0,0,0,1,0,0,0,1,0
20160805,0,0,0,0,1,0,0,0,0,0,0
20160804,0,0,0,1,0,0,0,0,0,0,0
20160803,0,0,1,0,0,0,0,0,0,0,0
20160802,0,1,0,0,0,0,0,0,0,0,0
20160801,1,0,0,0,0,0,0,0,0,0,0
20160731,0,0,0,0,0,0,1,0,0,1,0
20160730,0,0,0,0,0,1,0,0,0,1,0
20160729,0,0,0,0,1,0,0,0,0,0,0
20160728,0,0,0,1,0,0,0,0,0,0,0
20160727,0,0,1,0,0,0,0,0,0,0,0
20160726,0,1,0,0,0,0,0,0,0,0,0
20160725,1,0,0,0,0,0,0,0,0,0,0
20160724,0,0,0,0,0,0,1,0,0,1,0
20160723,0,0,0,0,0,1,0,0,0,1,0
20160722,0,0,0,0,1,0,0,0,0,0,0
20160721,0,0,0,1,0,0,0,0,0,0,0
20160720,0,0,1,0,0,0,0,0,0,0,0
20160719,0,1,0,0,0,0,0,0,0,0,0
20160718,1,0,0,0,0,0,0,1,äCÇÃì˙,1,0
20160717,0,0,0,0,0,0,1,0,0,1,0
20160716,0,0,0,0,0,1,0,0,0,1,0
20160715,0,0,0,0,1,0,0,0,0,0,0
20160714,0,0,0,1,0,0,0,0,0,0,0
20160713,0,0,1,0,0,0,0,0,0,0,0
20160712,0,1,0,0,0,0,0,0,0,0,0
20160711,1,0,0,0,0,0,0,0,0,0,0
20160710,0,0,0,0,0,0,1,0,0,1,0
20160709,0,0,0,0,0,1,0,0,0,1,0
20160708,0,0,0,0,1,0,0,0,0,0,0
20160707,0,0,0,1,0,0,0,0,0,0,0
20160706,0,0,1,0,0,0,0,0,0,0,0
20160705,0,1,0,0,0,0,0,0,0,0,0
20160704,1,0,0,0,0,0,0,0,0,0,0
20160703,0,0,0,0,0,0,1,0,0,1,0
20160702,0,0,0,0,0,1,0,0,0,1,0
20160701,0,0,0,0,1,0,0,0,0,0,0
20160630,0,0,0,1,0,0,0,0,0,0,0
20160629,0,0,1,0,0,0,0,0,0,0,0
20160628,0,1,0,0,0,0,0,0,0,0,0
20160627,1,0,0,0,0,0,0,0,0,0,0
20160626,0,0,0,0,0,0,1,0,0,1,0
20160625,0,0,0,0,0,1,0,0,0,1,0
20160624,0,0,0,0,1,0,0,0,0,0,0
20160623,0,0,0,1,0,0,0,0,0,0,0
20160622,0,0,1,0,0,0,0,0,0,0,0
20160621,0,1,0,0,0,0,0,0,0,0,0
20160620,1,0,0,0,0,0,0,0,0,0,0
20160619,0,0,0,0,0,0,1,0,0,1,0
20160618,0,0,0,0,0,1,0,0,0,1,0
20160617,0,0,0,0,1,0,0,0,0,0,0
20160616,0,0,0,1,0,0,0,0,0,0,0
20160615,0,0,1,0,0,0,0,0,0,0,0
20160614,0,1,0,0,0,0,0,0,0,0,0
20160613,1,0,0,0,0,0,0,0,0,0,0
20160612,0,0,0,0,0,0,1,0,0,1,0
20160611,0,0,0,0,0,1,0,0,0,1,0
20160610,0,0,0,0,1,0,0,0,0,0,0
20160609,0,0,0,1,0,0,0,0,0,0,0
20160608,0,0,1,0,0,0,0,0,0,0,0
20160607,0,1,0,0,0,0,0,0,0,0,0
20160606,1,0,0,0,0,0,0,0,0,0,0
20160605,0,0,0,0,0,0,1,0,0,1,0
20160604,0,0,0,0,0,1,0,0,0,1,0
20160603,0,0,0,0,1,0,0,0,0,0,0
20160602,0,0,0,1,0,0,0,0,0,0,0
20160601,0,0,1,0,0,0,0,0,0,0,0
20160531,0,1,0,0,0,0,0,0,0,0,0
20160530,1,0,0,0,0,0,0,0,0,0,0
20160529,0,0,0,0,0,0,1,0,0,1,0
20160528,0,0,0,0,0,1,0,0,0,1,0
20160527,0,0,0,0,1,0,0,0,0,0,0
20160526,0,0,0,1,0,0,0,0,0,0,0
20160525,0,0,1,0,0,0,0,0,0,0,0
20160524,0,1,0,0,0,0,0,0,0,0,0
20160523,1,0,0,0,0,0,0,0,0,0,0
20160522,0,0,0,0,0,0,1,0,0,1,0
20160521,0,0,0,0,0,1,0,0,0,1,0
20160520,0,0,0,0,1,0,0,0,0,0,0
20160519,0,0,0,1,0,0,0,0,0,0,0
20160518,0,0,1,0,0,0,0,0,0,0,0
20160517,0,1,0,0,0,0,0,0,0,0,0
20160516,1,0,0,0,0,0,0,0,0,0,0
20160515,0,0,0,0,0,0,1,0,0,1,0
20160514,0,0,0,0,0,1,0,0,0,1,0
20160513,0,0,0,0,1,0,0,0,0,0,0
20160512,0,0,0,1,0,0,0,0,0,0,0
20160511,0,0,1,0,0,0,0,0,0,0,0
20160510,0,1,0,0,0,0,0,0,0,0,0
20160509,1,0,0,0,0,0,0,0,0,0,0
20160508,0,0,0,0,0,0,1,0,0,1,0
20160507,0,0,0,0,0,1,0,0,0,1,0
20160506,0,0,0,0,1,0,0,0,0,0,0
20160505,0,0,0,1,0,0,0,1,Ç±Ç«Ç‡ÇÃì˙,1,0
20160504,0,0,1,0,0,0,0,1,Ç›Ç«ÇËÇÃì˙,1,0
20160503,0,1,0,0,0,0,0,1,åõñ@ãLîOì˙,1,0
20160502,1,0,0,0,0,0,0,0,0,0,0
20160501,0,0,0,0,0,0,1,0,0,1,0
20160430,0,0,0,0,0,1,0,0,0,1,0
20160429,0,0,0,0,1,0,0,1,è∫òaÇÃì˙,1,0
20160428,0,0,0,1,0,0,0,0,0,0,0
20160427,0,0,1,0,0,0,0,0,0,0,0
20160426,0,1,0,0,0,0,0,0,0,0,0
20160425,1,0,0,0,0,0,0,0,0,0,0
20160424,0,0,0,0,0,0,1,0,0,1,0
20160423,0,0,0,0,0,1,0,0,0,1,0
20160422,0,0,0,0,1,0,0,0,0,0,0
20160421,0,0,0,1,0,0,0,0,0,0,0
20160420,0,0,1,0,0,0,0,0,0,0,0
20160419,0,1,0,0,0,0,0,0,0,0,0
20160418,1,0,0,0,0,0,0,0,0,0,0
20160417,0,0,0,0,0,0,1,0,0,1,0
20160416,0,0,0,0,0,1,0,0,0,1,0
20160415,0,0,0,0,1,0,0,0,0,0,0
20160414,0,0,0,1,0,0,0,0,0,0,0
20160413,0,0,1,0,0,0,0,0,0,0,0
20160412,0,1,0,0,0,0,0,0,0,0,0
20160411,1,0,0,0,0,0,0,0,0,0,0
20160410,0,0,0,0,0,0,1,0,0,1,0
20160409,0,0,0,0,0,1,0,0,0,1,0
20160408,0,0,0,0,1,0,0,0,0,0,0
20160407,0,0,0,1,0,0,0,0,0,0,0
20160406,0,0,1,0,0,0,0,0,0,0,0
20160405,0,1,0,0,0,0,0,0,0,0,0
20160404,1,0,0,0,0,0,0,0,0,0,0
20160403,0,0,0,0,0,0,1,0,0,1,0
20160402,0,0,0,0,0,1,0,0,0,1,0
20160401,0,0,0,0,1,0,0,0,0,0,0
20160331,0,0,0,1,0,0,0,0,0,0,0
20160330,0,0,1,0,0,0,0,0,0,0,0
20160329,0,1,0,0,0,0,0,0,0,0,0
20160328,1,0,0,0,0,0,0,0,0,0,0
20160327,0,0,0,0,0,0,1,0,0,1,0
20160326,0,0,0,0,0,1,0,0,0,1,0
20160325,0,0,0,0,1,0,0,0,0,0,0
20160324,0,0,0,1,0,0,0,0,0,0,0
20160323,0,0,1,0,0,0,0,0,0,0,0
20160322,0,1,0,0,0,0,0,0,0,0,0
20160321,1,0,0,0,0,0,0,1,êUë÷ãxì˙,1,0
20160320,0,0,0,0,0,0,1,1,ètï™ÇÃì˙,1,0
20160319,0,0,0,0,0,1,0,0,0,1,0
20160318,0,0,0,0,1,0,0,0,0,0,0
20160317,0,0,0,1,0,0,0,0,0,0,0
20160316,0,0,1,0,0,0,0,0,0,0,0
20160315,0,1,0,0,0,0,0,0,0,0,0
20160314,1,0,0,0,0,0,0,0,0,0,0
20160313,0,0,0,0,0,0,1,0,0,1,0
20160312,0,0,0,0,0,1,0,0,0,1,0
20160311,0,0,0,0,1,0,0,0,0,0,0
20160310,0,0,0,1,0,0,0,0,0,0,0
20160309,0,0,1,0,0,0,0,0,0,0,0
20160308,0,1,0,0,0,0,0,0,0,0,0
20160307,1,0,0,0,0,0,0,0,0,0,0
20160306,0,0,0,0,0,0,1,0,0,1,0
20160305,0,0,0,0,0,1,0,0,0,1,0
20160304,0,0,0,0,1,0,0,0,0,0,0
20160303,0,0,0,1,0,0,0,0,0,0,0
20160302,0,0,1,0,0,0,0,0,0,0,0
20160301,0,1,0,0,0,0,0,0,0,0,0
20160229,1,0,0,0,0,0,0,0,0,0,0
20160228,0,0,0,0,0,0,1,0,0,1,0
20160227,0,0,0,0,0,1,0,0,0,1,0
20160226,0,0,0,0,1,0,0,0,0,0,0
20160225,0,0,0,1,0,0,0,0,0,0,0
20160224,0,0,1,0,0,0,0,0,0,0,0
20160223,0,1,0,0,0,0,0,0,0,0,0
20160222,1,0,0,0,0,0,0,0,0,0,0
20160221,0,0,0,0,0,0,1,0,0,1,0
20160220,0,0,0,0,0,1,0,0,0,1,0
20160219,0,0,0,0,1,0,0,0,0,0,0
20160218,0,0,0,1,0,0,0,0,0,0,0
20160217,0,0,1,0,0,0,0,0,0,0,0
20160216,0,1,0,0,0,0,0,0,0,0,0
20160215,1,0,0,0,0,0,0,0,0,0,0
20160214,0,0,0,0,0,0,1,0,0,1,0
20160213,0,0,0,0,0,1,0,0,0,1,0
20160212,0,0,0,0,1,0,0,0,0,0,0
20160211,0,0,0,1,0,0,0,1,åöçëãLîOÇÃì˙,1,0
20160210,0,0,1,0,0,0,0,0,0,0,0
20160209,0,1,0,0,0,0,0,0,0,0,0
20160208,1,0,0,0,0,0,0,0,0,0,0
20160207,0,0,0,0,0,0,1,0,0,1,0
20160206,0,0,0,0,0,1,0,0,0,1,0
20160205,0,0,0,0,1,0,0,0,0,0,0
20160204,0,0,0,1,0,0,0,0,0,0,0
20160203,0,0,1,0,0,0,0,0,0,0,0
20160202,0,1,0,0,0,0,0,0,0,0,0
20160201,1,0,0,0,0,0,0,0,0,0,0
20160131,0,0,0,0,0,0,1,0,0,1,0
20160130,0,0,0,0,0,1,0,0,0,1,0
20160129,0,0,0,0,1,0,0,0,0,0,0
20160128,0,0,0,1,0,0,0,0,0,0,0
20160127,0,0,1,0,0,0,0,0,0,0,0
20160126,0,1,0,0,0,0,0,0,0,0,0
20160125,1,0,0,0,0,0,0,0,0,0,0
20160124,0,0,0,0,0,0,1,0,0,1,0
20160123,0,0,0,0,0,1,0,0,0,1,0
20160122,0,0,0,0,1,0,0,0,0,0,0
20160121,0,0,0,1,0,0,0,0,0,0,0
20160120,0,0,1,0,0,0,0,0,0,0,0
20160119,0,1,0,0,0,0,0,0,0,0,0
20160118,1,0,0,0,0,0,0,0,0,0,0
20160117,0,0,0,0,0,0,1,0,0,1,0
20160116,0,0,0,0,0,1,0,0,0,1,0
20160115,0,0,0,0,1,0,0,0,0,0,0
20160114,0,0,0,1,0,0,0,0,0,0,0
20160113,0,0,1,0,0,0,0,0,0,0,0
20160112,0,1,0,0,0,0,0,0,0,0,0
20160111,1,0,0,0,0,0,0,1,ê¨êlÇÃì˙,1,0
20160110,0,0,0,0,0,0,1,0,0,1,0
20160109,0,0,0,0,0,1,0,0,0,1,0
20160108,0,0,0,0,1,0,0,0,0,0,0
20160107,0,0,0,1,0,0,0,0,0,0,0
20160106,0,0,1,0,0,0,0,0,0,0,0
20160105,0,1,0,0,0,0,0,0,0,0,0
20160104,1,0,0,0,0,0,0,0,0,0,0
20160103,0,0,0,0,0,0,1,0,0,1,1
20160102,0,0,0,0,0,1,0,0,0,1,1
20160101,0,0,0,0,1,0,0,1,å≥ì˙,1,1
20151231,0,0,0,1,0,0,0,0,0,1,1
20151230,0,0,1,0,0,0,0,0,0,0,0
20151229,0,1,0,0,0,0,0,0,0,0,0
20151228,1,0,0,0,0,0,0,0,0,0,0
20151227,0,0,0,0,0,0,1,0,0,1,0
20151226,0,0,0,0,0,1,0,0,0,1,0
20151225,0,0,0,0,1,0,0,0,0,0,0
20151224,0,0,0,1,0,0,0,0,0,0,0
20151223,0,0,1,0,0,0,0,1,ìVçcíaê∂ì˙,1,0
20151222,0,1,0,0,0,0,0,0,0,0,0
20151221,1,0,0,0,0,0,0,0,0,0,0
20151220,0,0,0,0,0,0,1,0,0,1,0
20151219,0,0,0,0,0,1,0,0,0,1,0
20151218,0,0,0,0,1,0,0,0,0,0,0
20151217,0,0,0,1,0,0,0,0,0,0,0
20151216,0,0,1,0,0,0,0,0,0,0,0
20151215,0,1,0,0,0,0,0,0,0,0,0
20151214,1,0,0,0,0,0,0,0,0,0,0
20151213,0,0,0,0,0,0,1,0,0,1,0
20151212,0,0,0,0,0,1,0,0,0,1,0
20151211,0,0,0,0,1,0,0,0,0,0,0
20151210,0,0,0,1,0,0,0,0,0,0,0
20151209,0,0,1,0,0,0,0,0,0,0,0
20151208,0,1,0,0,0,0,0,0,0,0,0
20151207,1,0,0,0,0,0,0,0,0,0,0
20151206,0,0,0,0,0,0,1,0,0,1,0
20151205,0,0,0,0,0,1,0,0,0,1,0
20151204,0,0,0,0,1,0,0,0,0,0,0
20151203,0,0,0,1,0,0,0,0,0,0,0
20151202,0,0,1,0,0,0,0,0,0,0,0
20151201,0,1,0,0,0,0,0,0,0,0,0
20151130,1,0,0,0,0,0,0,0,0,0,0
20151129,0,0,0,0,0,0,1,0,0,1,0
20151128,0,0,0,0,0,1,0,0,0,1,0
20151127,0,0,0,0,1,0,0,0,0,0,0
20151126,0,0,0,1,0,0,0,0,0,0,0
20151125,0,0,1,0,0,0,0,0,0,0,0
20151124,0,1,0,0,0,0,0,0,0,0,0
20151123,1,0,0,0,0,0,0,1,ãŒòJä¥é”ÇÃì˙,1,0
20151122,0,0,0,0,0,0,1,0,0,1,0
20151121,0,0,0,0,0,1,0,0,0,1,0
20151120,0,0,0,0,1,0,0,0,0,0,0
20151119,0,0,0,1,0,0,0,0,0,0,0
20151118,0,0,1,0,0,0,0,0,0,0,0
20151117,0,1,0,0,0,0,0,0,0,0,0
20151116,1,0,0,0,0,0,0,0,0,0,0
20151115,0,0,0,0,0,0,1,0,0,1,0
20151114,0,0,0,0,0,1,0,0,0,1,0
20151113,0,0,0,0,1,0,0,0,0,0,0
20151112,0,0,0,1,0,0,0,0,0,0,0
20151111,0,0,1,0,0,0,0,0,0,0,0
20151110,0,1,0,0,0,0,0,0,0,0,0
20151109,1,0,0,0,0,0,0,0,0,0,0
20151108,0,0,0,0,0,0,1,0,0,1,0
20151107,0,0,0,0,0,1,0,0,0,1,0
20151106,0,0,0,0,1,0,0,0,0,0,0
20151105,0,0,0,1,0,0,0,0,0,0,0
20151104,0,0,1,0,0,0,0,0,0,0,0
20151103,0,1,0,0,0,0,0,1,ï∂âªÇÃì˙,1,0
20151102,1,0,0,0,0,0,0,0,0,0,0
20151101,0,0,0,0,0,0,1,0,0,1,0
20151031,0,0,0,0,0,1,0,0,0,1,0
20151030,0,0,0,0,1,0,0,0,0,0,0
20151029,0,0,0,1,0,0,0,0,0,0,0
20151028,0,0,1,0,0,0,0,0,0,0,0
20151027,0,1,0,0,0,0,0,0,0,0,0
20151026,1,0,0,0,0,0,0,0,0,0,0
20151025,0,0,0,0,0,0,1,0,0,1,0
20151024,0,0,0,0,0,1,0,0,0,1,0
20151023,0,0,0,0,1,0,0,0,0,0,0
20151022,0,0,0,1,0,0,0,0,0,0,0
20151021,0,0,1,0,0,0,0,0,0,0,0
20151020,0,1,0,0,0,0,0,0,0,0,0
20151019,1,0,0,0,0,0,0,0,0,0,0
20151018,0,0,0,0,0,0,1,0,0,1,0
20151017,0,0,0,0,0,1,0,0,0,1,0
20151016,0,0,0,0,1,0,0,0,0,0,0
20151015,0,0,0,1,0,0,0,0,0,0,0
20151014,0,0,1,0,0,0,0,0,0,0,0
20151013,0,1,0,0,0,0,0,0,0,0,0
20151012,1,0,0,0,0,0,0,1,ëÃàÁÇÃì˙,1,0
20151011,0,0,0,0,0,0,1,0,0,1,0
20151010,0,0,0,0,0,1,0,0,0,1,0
20151009,0,0,0,0,1,0,0,0,0,0,0
20151008,0,0,0,1,0,0,0,0,0,0,0
20151007,0,0,1,0,0,0,0,0,0,0,0
20151006,0,1,0,0,0,0,0,0,0,0,0
20151005,1,0,0,0,0,0,0,0,0,0,0
20151004,0,0,0,0,0,0,1,0,0,1,0
20151003,0,0,0,0,0,1,0,0,0,1,0
20151002,0,0,0,0,1,0,0,0,0,0,0
20151001,0,0,0,1,0,0,0,0,0,0,0
20150930,0,0,1,0,0,0,0,0,0,0,0
20150929,0,1,0,0,0,0,0,0,0,0,0
20150928,1,0,0,0,0,0,0,0,0,0,0
20150927,0,0,0,0,0,0,1,0,0,1,0
20150926,0,0,0,0,0,1,0,0,0,1,0
20150925,0,0,0,0,1,0,0,0,0,0,0
20150924,0,0,0,1,0,0,0,0,0,0,0
20150923,0,0,1,0,0,0,0,1,èHï™ÇÃì˙,1,0
20150922,0,1,0,0,0,0,0,1,çëñØÇÃãxì˙,1,0
20150921,1,0,0,0,0,0,0,1,åhòVÇÃì˙,1,0
20150920,0,0,0,0,0,0,1,0,0,1,0
20150919,0,0,0,0,0,1,0,0,0,1,0
20150918,0,0,0,0,1,0,0,0,0,0,0
20150917,0,0,0,1,0,0,0,0,0,0,0
20150916,0,0,1,0,0,0,0,0,0,0,0
20150915,0,1,0,0,0,0,0,0,0,0,0
20150914,1,0,0,0,0,0,0,0,0,0,0
20150913,0,0,0,0,0,0,1,0,0,1,0
20150912,0,0,0,0,0,1,0,0,0,1,0
20150911,0,0,0,0,1,0,0,0,0,0,0
20150910,0,0,0,1,0,0,0,0,0,0,0
20150909,0,0,1,0,0,0,0,0,0,0,0
20150908,0,1,0,0,0,0,0,0,0,0,0
20150907,1,0,0,0,0,0,0,0,0,0,0
20150906,0,0,0,0,0,0,1,0,0,1,0
20150905,0,0,0,0,0,1,0,0,0,1,0
20150904,0,0,0,0,1,0,0,0,0,0,0
20150903,0,0,0,1,0,0,0,0,0,0,0
20150902,0,0,1,0,0,0,0,0,0,0,0
20150901,0,1,0,0,0,0,0,0,0,0,0
20150831,1,0,0,0,0,0,0,0,0,0,0
20150830,0,0,0,0,0,0,1,0,0,1,0
20150829,0,0,0,0,0,1,0,0,0,1,0
20150828,0,0,0,0,1,0,0,0,0,0,0
20150827,0,0,0,1,0,0,0,0,0,0,0
20150826,0,0,1,0,0,0,0,0,0,0,0
20150825,0,1,0,0,0,0,0,0,0,0,0
20150824,1,0,0,0,0,0,0,0,0,0,0
20150823,0,0,0,0,0,0,1,0,0,1,0
20150822,0,0,0,0,0,1,0,0,0,1,0
20150821,0,0,0,0,1,0,0,0,0,0,0
20150820,0,0,0,1,0,0,0,0,0,0,0
20150819,0,0,1,0,0,0,0,0,0,0,0
20150818,0,1,0,0,0,0,0,0,0,0,0
20150817,1,0,0,0,0,0,0,0,0,0,0
20150816,0,0,0,0,0,0,1,0,0,1,0
20150815,0,0,0,0,0,1,0,0,0,1,0
20150814,0,0,0,0,1,0,0,0,0,0,0
20150813,0,0,0,1,0,0,0,0,0,0,0
20150812,0,0,1,0,0,0,0,0,0,0,0
20150811,0,1,0,0,0,0,0,0,0,0,0
20150810,1,0,0,0,0,0,0,0,0,0,0
20150809,0,0,0,0,0,0,1,0,0,1,0
20150808,0,0,0,0,0,1,0,0,0,1,0
20150807,0,0,0,0,1,0,0,0,0,0,0
20150806,0,0,0,1,0,0,0,0,0,0,0
20150805,0,0,1,0,0,0,0,0,0,0,0
20150804,0,1,0,0,0,0,0,0,0,0,0
20150803,1,0,0,0,0,0,0,0,0,0,0
20150802,0,0,0,0,0,0,1,0,0,1,0
20150801,0,0,0,0,0,1,0,0,0,1,0
20150731,0,0,0,0,1,0,0,0,0,0,0
20150730,0,0,0,1,0,0,0,0,0,0,0
20150729,0,0,1,0,0,0,0,0,0,0,0
20150728,0,1,0,0,0,0,0,0,0,0,0
20150727,1,0,0,0,0,0,0,0,0,0,0
20150726,0,0,0,0,0,0,1,0,0,1,0
20150725,0,0,0,0,0,1,0,0,0,1,0
20150724,0,0,0,0,1,0,0,0,0,0,0
20150723,0,0,0,1,0,0,0,0,0,0,0
20150722,0,0,1,0,0,0,0,0,0,0,0
20150721,0,1,0,0,0,0,0,0,0,0,0
20150720,1,0,0,0,0,0,0,1,äCÇÃì˙,1,0
20150719,0,0,0,0,0,0,1,0,0,1,0
20150718,0,0,0,0,0,1,0,0,0,1,0
20150717,0,0,0,0,1,0,0,0,0,0,0
20150716,0,0,0,1,0,0,0,0,0,0,0
20150715,0,0,1,0,0,0,0,0,0,0,0
20150714,0,1,0,0,0,0,0,0,0,0,0
20150713,1,0,0,0,0,0,0,0,0,0,0
20150712,0,0,0,0,0,0,1,0,0,1,0
20150711,0,0,0,0,0,1,0,0,0,1,0
20150710,0,0,0,0,1,0,0,0,0,0,0
20150709,0,0,0,1,0,0,0,0,0,0,0
20150708,0,0,1,0,0,0,0,0,0,0,0
20150707,0,1,0,0,0,0,0,0,0,0,0
20150706,1,0,0,0,0,0,0,0,0,0,0
20150705,0,0,0,0,0,0,1,0,0,1,0
20150704,0,0,0,0,0,1,0,0,0,1,0
20150703,0,0,0,0,1,0,0,0,0,0,0
20150702,0,0,0,1,0,0,0,0,0,0,0
20150701,0,0,1,0,0,0,0,0,0,0,0
20150630,0,1,0,0,0,0,0,0,0,0,0
20150629,1,0,0,0,0,0,0,0,0,0,0
20150628,0,0,0,0,0,0,1,0,0,1,0
20150627,0,0,0,0,0,1,0,0,0,1,0
20150626,0,0,0,0,1,0,0,0,0,0,0
20150625,0,0,0,1,0,0,0,0,0,0,0
20150624,0,0,1,0,0,0,0,0,0,0,0
20150623,0,1,0,0,0,0,0,0,0,0,0
20150622,1,0,0,0,0,0,0,0,0,0,0
20150621,0,0,0,0,0,0,1,0,0,1,0
20150620,0,0,0,0,0,1,0,0,0,1,0
20150619,0,0,0,0,1,0,0,0,0,0,0
20150618,0,0,0,1,0,0,0,0,0,0,0
20150617,0,0,1,0,0,0,0,0,0,0,0
20150616,0,1,0,0,0,0,0,0,0,0,0
20150615,1,0,0,0,0,0,0,0,0,0,0
20150614,0,0,0,0,0,0,1,0,0,1,0
20150613,0,0,0,0,0,1,0,0,0,1,0
20150612,0,0,0,0,1,0,0,0,0,0,0
20150611,0,0,0,1,0,0,0,0,0,0,0
20150610,0,0,1,0,0,0,0,0,0,0,0
20150609,0,1,0,0,0,0,0,0,0,0,0
20150608,1,0,0,0,0,0,0,0,0,0,0
20150607,0,0,0,0,0,0,1,0,0,1,0
20150606,0,0,0,0,0,1,0,0,0,1,0
20150605,0,0,0,0,1,0,0,0,0,0,0
20150604,0,0,0,1,0,0,0,0,0,0,0
20150603,0,0,1,0,0,0,0,0,0,0,0
20150602,0,1,0,0,0,0,0,0,0,0,0
20150601,1,0,0,0,0,0,0,0,0,0,0
20150531,0,0,0,0,0,0,1,0,0,1,0
20150530,0,0,0,0,0,1,0,0,0,1,0
20150529,0,0,0,0,1,0,0,0,0,0,0
20150528,0,0,0,1,0,0,0,0,0,0,0
20150527,0,0,1,0,0,0,0,0,0,0,0
20150526,0,1,0,0,0,0,0,0,0,0,0
20150525,1,0,0,0,0,0,0,0,0,0,0
20150524,0,0,0,0,0,0,1,0,0,1,0
20150523,0,0,0,0,0,1,0,0,0,1,0
20150522,0,0,0,0,1,0,0,0,0,0,0
20150521,0,0,0,1,0,0,0,0,0,0,0
20150520,0,0,1,0,0,0,0,0,0,0,0
20150519,0,1,0,0,0,0,0,0,0,0,0
20150518,1,0,0,0,0,0,0,0,0,0,0
20150517,0,0,0,0,0,0,1,0,0,1,0
20150516,0,0,0,0,0,1,0,0,0,1,0
20150515,0,0,0,0,1,0,0,0,0,0,0
20150514,0,0,0,1,0,0,0,0,0,0,0
20150513,0,0,1,0,0,0,0,0,0,0,0
20150512,0,1,0,0,0,0,0,0,0,0,0
20150511,1,0,0,0,0,0,0,0,0,0,0
20150510,0,0,0,0,0,0,1,0,0,1,0
20150509,0,0,0,0,0,1,0,0,0,1,0
20150508,0,0,0,0,1,0,0,0,0,0,0
20150507,0,0,0,1,0,0,0,0,0,0,0
20150506,0,0,1,0,0,0,0,1,êUë÷ãxì˙,1,0
20150505,0,1,0,0,0,0,0,1,Ç±Ç«Ç‡ÇÃì˙,1,0
20150504,1,0,0,0,0,0,0,1,Ç›Ç«ÇËÇÃì˙,1,0
20150503,0,0,0,0,0,0,1,1,åõñ@ãLîOì˙,1,0
20150502,0,0,0,0,0,1,0,0,0,1,0
20150501,0,0,0,0,1,0,0,0,0,0,0
20150430,0,0,0,1,0,0,0,0,0,0,0
20150429,0,0,1,0,0,0,0,1,è∫òaÇÃì˙,1,0
20150428,0,1,0,0,0,0,0,0,0,0,0
20150427,1,0,0,0,0,0,0,0,0,0,0
20150426,0,0,0,0,0,0,1,0,0,1,0
20150425,0,0,0,0,0,1,0,0,0,1,0
20150424,0,0,0,0,1,0,0,0,0,0,0
20150423,0,0,0,1,0,0,0,0,0,0,0
20150422,0,0,1,0,0,0,0,0,0,0,0
20150421,0,1,0,0,0,0,0,0,0,0,0
20150420,1,0,0,0,0,0,0,0,0,0,0
20150419,0,0,0,0,0,0,1,0,0,1,0
20150418,0,0,0,0,0,1,0,0,0,1,0
20150417,0,0,0,0,1,0,0,0,0,0,0
20150416,0,0,0,1,0,0,0,0,0,0,0
20150415,0,0,1,0,0,0,0,0,0,0,0
20150414,0,1,0,0,0,0,0,0,0,0,0
20150413,1,0,0,0,0,0,0,0,0,0,0
20150412,0,0,0,0,0,0,1,0,0,1,0
20150411,0,0,0,0,0,1,0,0,0,1,0
20150410,0,0,0,0,1,0,0,0,0,0,0
20150409,0,0,0,1,0,0,0,0,0,0,0
20150408,0,0,1,0,0,0,0,0,0,0,0
20150407,0,1,0,0,0,0,0,0,0,0,0
20150406,1,0,0,0,0,0,0,0,0,0,0
20150405,0,0,0,0,0,0,1,0,0,1,0
20150404,0,0,0,0,0,1,0,0,0,1,0
20150403,0,0,0,0,1,0,0,0,0,0,0
20150402,0,0,0,1,0,0,0,0,0,0,0
20150401,0,0,1,0,0,0,0,0,0,0,0
20150331,0,1,0,0,0,0,0,0,0,0,0
20150330,1,0,0,0,0,0,0,0,0,0,0
20150329,0,0,0,0,0,0,1,0,0,1,0
20150328,0,0,0,0,0,1,0,0,0,1,0
20150327,0,0,0,0,1,0,0,0,0,0,0
20150326,0,0,0,1,0,0,0,0,0,0,0
20150325,0,0,1,0,0,0,0,0,0,0,0
20150324,0,1,0,0,0,0,0,0,0,0,0
20150323,1,0,0,0,0,0,0,0,0,0,0
20150322,0,0,0,0,0,0,1,0,0,1,0
20150321,0,0,0,0,0,1,0,1,ètï™ÇÃì˙,1,0
20150320,0,0,0,0,1,0,0,0,0,0,0
20150319,0,0,0,1,0,0,0,0,0,0,0
20150318,0,0,1,0,0,0,0,0,0,0,0
20150317,0,1,0,0,0,0,0,0,0,0,0
20150316,1,0,0,0,0,0,0,0,0,0,0
20150315,0,0,0,0,0,0,1,0,0,1,0
20150314,0,0,0,0,0,1,0,0,0,1,0
20150313,0,0,0,0,1,0,0,0,0,0,0
20150312,0,0,0,1,0,0,0,0,0,0,0
20150311,0,0,1,0,0,0,0,0,0,0,0
20150310,0,1,0,0,0,0,0,0,0,0,0
20150309,1,0,0,0,0,0,0,0,0,0,0
20150308,0,0,0,0,0,0,1,0,0,1,0
20150307,0,0,0,0,0,1,0,0,0,1,0
20150306,0,0,0,0,1,0,0,0,0,0,0
20150305,0,0,0,1,0,0,0,0,0,0,0
20150304,0,0,1,0,0,0,0,0,0,0,0
20150303,0,1,0,0,0,0,0,0,0,0,0
20150302,1,0,0,0,0,0,0,0,0,0,0
20150301,0,0,0,0,0,0,1,0,0,1,0
20150228,0,0,0,0,0,1,0,0,0,1,0
20150227,0,0,0,0,1,0,0,0,0,0,0
20150226,0,0,0,1,0,0,0,0,0,0,0
20150225,0,0,1,0,0,0,0,0,0,0,0
20150224,0,1,0,0,0,0,0,0,0,0,0
20150223,1,0,0,0,0,0,0,0,0,0,0
20150222,0,0,0,0,0,0,1,0,0,1,0
20150221,0,0,0,0,0,1,0,0,0,1,0
20150220,0,0,0,0,1,0,0,0,0,0,0
20150219,0,0,0,1,0,0,0,0,0,0,0
20150218,0,0,1,0,0,0,0,0,0,0,0
20150217,0,1,0,0,0,0,0,0,0,0,0
20150216,1,0,0,0,0,0,0,0,0,0,0
20150215,0,0,0,0,0,0,1,0,0,1,0
20150214,0,0,0,0,0,1,0,0,0,1,0
20150213,0,0,0,0,1,0,0,0,0,0,0
20150212,0,0,0,1,0,0,0,0,0,0,0
20150211,0,0,1,0,0,0,0,1,åöçëãLîOÇÃì˙,1,0
20150210,0,1,0,0,0,0,0,0,0,0,0
20150209,1,0,0,0,0,0,0,0,0,0,0
20150208,0,0,0,0,0,0,1,0,0,1,0
20150207,0,0,0,0,0,1,0,0,0,1,0
20150206,0,0,0,0,1,0,0,0,0,0,0
20150205,0,0,0,1,0,0,0,0,0,0,0
20150204,0,0,1,0,0,0,0,0,0,0,0
20150203,0,1,0,0,0,0,0,0,0,0,0
20150202,1,0,0,0,0,0,0,0,0,0,0
20150201,0,0,0,0,0,0,1,0,0,1,0
20150131,0,0,0,0,0,1,0,0,0,1,0
20150130,0,0,0,0,1,0,0,0,0,0,0
20150129,0,0,0,1,0,0,0,0,0,0,0
20150128,0,0,1,0,0,0,0,0,0,0,0
20150127,0,1,0,0,0,0,0,0,0,0,0
20150126,1,0,0,0,0,0,0,0,0,0,0
20150125,0,0,0,0,0,0,1,0,0,1,0
20150124,0,0,0,0,0,1,0,0,0,1,0
20150123,0,0,0,0,1,0,0,0,0,0,0
20150122,0,0,0,1,0,0,0,0,0,0,0
20150121,0,0,1,0,0,0,0,0,0,0,0
20150120,0,1,0,0,0,0,0,0,0,0,0
20150119,1,0,0,0,0,0,0,0,0,0,0
20150118,0,0,0,0,0,0,1,0,0,1,0
20150117,0,0,0,0,0,1,0,0,0,1,0
20150116,0,0,0,0,1,0,0,0,0,0,0
20150115,0,0,0,1,0,0,0,0,0,0,0
20150114,0,0,1,0,0,0,0,0,0,0,0
20150113,0,1,0,0,0,0,0,0,0,0,0
20150112,1,0,0,0,0,0,0,1,ê¨êlÇÃì˙,1,0
20150111,0,0,0,0,0,0,1,0,0,1,0
20150110,0,0,0,0,0,1,0,0,0,1,0
20150109,0,0,0,0,1,0,0,0,0,0,0
20150108,0,0,0,1,0,0,0,0,0,0,0
20150107,0,0,1,0,0,0,0,0,0,0,0
20150106,0,1,0,0,0,0,0,0,0,0,0
20150105,1,0,0,0,0,0,0,0,0,0,0
20150104,0,0,0,0,0,0,1,0,0,1,0
20150103,0,0,0,0,0,1,0,0,0,1,1
20150102,0,0,0,0,1,0,0,0,0,1,1
20150101,0,0,0,1,0,0,0,1,å≥ì˙,1,1
20141231,0,0,1,0,0,0,0,0,0,1,1
20141230,0,1,0,0,0,0,0,0,0,0,0
20141229,1,0,0,0,0,0,0,0,0,0,0
20141228,0,0,0,0,0,0,1,0,0,1,0
20141227,0,0,0,0,0,1,0,0,0,1,0
20141226,0,0,0,0,1,0,0,0,0,0,0
20141225,0,0,0,1,0,0,0,0,0,0,0
20141224,0,0,1,0,0,0,0,0,0,0,0
20141223,0,1,0,0,0,0,0,1,ìVçcíaê∂ì˙,1,0
20141222,1,0,0,0,0,0,0,0,0,0,0
20141221,0,0,0,0,0,0,1,0,0,1,0
20141220,0,0,0,0,0,1,0,0,0,1,0
20141219,0,0,0,0,1,0,0,0,0,0,0
20141218,0,0,0,1,0,0,0,0,0,0,0
20141217,0,0,1,0,0,0,0,0,0,0,0
20141216,0,1,0,0,0,0,0,0,0,0,0
20141215,1,0,0,0,0,0,0,0,0,0,0
20141214,0,0,0,0,0,0,1,0,0,1,0
20141213,0,0,0,0,0,1,0,0,0,1,0
20141212,0,0,0,0,1,0,0,0,0,0,0
20141211,0,0,0,1,0,0,0,0,0,0,0
20141210,0,0,1,0,0,0,0,0,0,0,0
20141209,0,1,0,0,0,0,0,0,0,0,0
20141208,1,0,0,0,0,0,0,0,0,0,0
20141207,0,0,0,0,0,0,1,0,0,1,0
20141206,0,0,0,0,0,1,0,0,0,1,0
20141205,0,0,0,0,1,0,0,0,0,0,0
20141204,0,0,0,1,0,0,0,0,0,0,0
20141203,0,0,1,0,0,0,0,0,0,0,0
20141202,0,1,0,0,0,0,0,0,0,0,0
20141201,1,0,0,0,0,0,0,0,0,0,0
20141130,0,0,0,0,0,0,1,0,0,1,0
20141129,0,0,0,0,0,1,0,0,0,1,0
20141128,0,0,0,0,1,0,0,0,0,0,0
20141127,0,0,0,1,0,0,0,0,0,0,0
20141126,0,0,1,0,0,0,0,0,0,0,0
20141125,0,1,0,0,0,0,0,0,0,0,0
20141124,1,0,0,0,0,0,0,1,êUë÷ãxì˙,1,0
20141123,0,0,0,0,0,0,1,1,ãŒòJä¥é”ÇÃì˙,1,0
20141122,0,0,0,0,0,1,0,0,0,1,0
20141121,0,0,0,0,1,0,0,0,0,0,0
20141120,0,0,0,1,0,0,0,0,0,0,0
20141119,0,0,1,0,0,0,0,0,0,0,0
20141118,0,1,0,0,0,0,0,0,0,0,0
20141117,1,0,0,0,0,0,0,0,0,0,0
20141116,0,0,0,0,0,0,1,0,0,1,0
20141115,0,0,0,0,0,1,0,0,0,1,0
20141114,0,0,0,0,1,0,0,0,0,0,0
20141113,0,0,0,1,0,0,0,0,0,0,0
20141112,0,0,1,0,0,0,0,0,0,0,0
20141111,0,1,0,0,0,0,0,0,0,0,0
20141110,1,0,0,0,0,0,0,0,0,0,0
20141109,0,0,0,0,0,0,1,0,0,1,0
20141108,0,0,0,0,0,1,0,0,0,1,0
20141107,0,0,0,0,1,0,0,0,0,0,0
20141106,0,0,0,1,0,0,0,0,0,0,0
20141105,0,0,1,0,0,0,0,0,0,0,0
20141104,0,1,0,0,0,0,0,0,0,0,0
20141103,1,0,0,0,0,0,0,1,ï∂âªÇÃì˙,1,0
20141102,0,0,0,0,0,0,1,0,0,1,0
20141101,0,0,0,0,0,1,0,0,0,1,0
20141031,0,0,0,0,1,0,0,0,0,0,0
20141030,0,0,0,1,0,0,0,0,0,0,0
20141029,0,0,1,0,0,0,0,0,0,0,0
20141028,0,1,0,0,0,0,0,0,0,0,0
20141027,1,0,0,0,0,0,0,0,0,0,0
20141026,0,0,0,0,0,0,1,0,0,1,0
20141025,0,0,0,0,0,1,0,0,0,1,0
20141024,0,0,0,0,1,0,0,0,0,0,0
20141023,0,0,0,1,0,0,0,0,0,0,0
20141022,0,0,1,0,0,0,0,0,0,0,0
20141021,0,1,0,0,0,0,0,0,0,0,0
20141020,1,0,0,0,0,0,0,0,0,0,0
20141019,0,0,0,0,0,0,1,0,0,1,0
20141018,0,0,0,0,0,1,0,0,0,1,0
20141017,0,0,0,0,1,0,0,0,0,0,0
20141016,0,0,0,1,0,0,0,0,0,0,0
20141015,0,0,1,0,0,0,0,0,0,0,0
20141014,0,1,0,0,0,0,0,0,0,0,0
20141013,1,0,0,0,0,0,0,1,ëÃàÁÇÃì˙,1,0
20141012,0,0,0,0,0,0,1,0,0,1,0
20141011,0,0,0,0,0,1,0,0,0,1,0
20141010,0,0,0,0,1,0,0,0,0,0,0
20141009,0,0,0,1,0,0,0,0,0,0,0
20141008,0,0,1,0,0,0,0,0,0,0,0
20141007,0,1,0,0,0,0,0,0,0,0,0
20141006,1,0,0,0,0,0,0,0,0,0,0
20141005,0,0,0,0,0,0,1,0,0,1,0
20141004,0,0,0,0,0,1,0,0,0,1,0
20141003,0,0,0,0,1,0,0,0,0,0,0
20141002,0,0,0,1,0,0,0,0,0,0,0
20141001,0,0,1,0,0,0,0,0,0,0,0
20140930,0,1,0,0,0,0,0,0,0,0,0
20140929,1,0,0,0,0,0,0,0,0,0,0
20140928,0,0,0,0,0,0,1,0,0,1,0
20140927,0,0,0,0,0,1,0,0,0,1,0
20140926,0,0,0,0,1,0,0,0,0,0,0
20140925,0,0,0,1,0,0,0,0,0,0,0
20140924,0,0,1,0,0,0,0,0,0,0,0
20140923,0,1,0,0,0,0,0,1,èHï™ÇÃì˙,1,0
20140922,1,0,0,0,0,0,0,0,0,0,0
20140921,0,0,0,0,0,0,1,0,0,1,0
20140920,0,0,0,0,0,1,0,0,0,1,0
20140919,0,0,0,0,1,0,0,0,0,0,0
20140918,0,0,0,1,0,0,0,0,0,0,0
20140917,0,0,1,0,0,0,0,0,0,0,0
20140916,0,1,0,0,0,0,0,0,0,0,0
20140915,1,0,0,0,0,0,0,1,åhòVÇÃì˙,1,0
20140914,0,0,0,0,0,0,1,0,0,1,0
20140913,0,0,0,0,0,1,0,0,0,1,0
20140912,0,0,0,0,1,0,0,0,0,0,0
20140911,0,0,0,1,0,0,0,0,0,0,0
20140910,0,0,1,0,0,0,0,0,0,0,0
20140909,0,1,0,0,0,0,0,0,0,0,0
20140908,1,0,0,0,0,0,0,0,0,0,0
20140907,0,0,0,0,0,0,1,0,0,1,0
20140906,0,0,0,0,0,1,0,0,0,1,0
20140905,0,0,0,0,1,0,0,0,0,0,0
20140904,0,0,0,1,0,0,0,0,0,0,0
20140903,0,0,1,0,0,0,0,0,0,0,0
20140902,0,1,0,0,0,0,0,0,0,0,0
20140901,1,0,0,0,0,0,0,0,0,0,0
20140831,0,0,0,0,0,0,1,0,0,1,0
20140830,0,0,0,0,0,1,0,0,0,1,0
20140829,0,0,0,0,1,0,0,0,0,0,0
20140828,0,0,0,1,0,0,0,0,0,0,0
20140827,0,0,1,0,0,0,0,0,0,0,0
20140826,0,1,0,0,0,0,0,0,0,0,0
20140825,1,0,0,0,0,0,0,0,0,0,0
20140824,0,0,0,0,0,0,1,0,0,1,0
20140823,0,0,0,0,0,1,0,0,0,1,0
20140822,0,0,0,0,1,0,0,0,0,0,0
20140821,0,0,0,1,0,0,0,0,0,0,0
20140820,0,0,1,0,0,0,0,0,0,0,0
20140819,0,1,0,0,0,0,0,0,0,0,0
20140818,1,0,0,0,0,0,0,0,0,0,0
20140817,0,0,0,0,0,0,1,0,0,1,0
20140816,0,0,0,0,0,1,0,0,0,1,0
20140815,0,0,0,0,1,0,0,0,0,0,0
20140814,0,0,0,1,0,0,0,0,0,0,0
20140813,0,0,1,0,0,0,0,0,0,0,0
20140812,0,1,0,0,0,0,0,0,0,0,0
20140811,1,0,0,0,0,0,0,0,0,0,0
20140810,0,0,0,0,0,0,1,0,0,1,0
20140809,0,0,0,0,0,1,0,0,0,1,0
20140808,0,0,0,0,1,0,0,0,0,0,0
20140807,0,0,0,1,0,0,0,0,0,0,0
20140806,0,0,1,0,0,0,0,0,0,0,0
20140805,0,1,0,0,0,0,0,0,0,0,0
20140804,1,0,0,0,0,0,0,0,0,0,0
20140803,0,0,0,0,0,0,1,0,0,1,0
20140802,0,0,0,0,0,1,0,0,0,1,0
20140801,0,0,0,0,1,0,0,0,0,0,0
20140731,0,0,0,1,0,0,0,0,0,0,0
20140730,0,0,1,0,0,0,0,0,0,0,0
20140729,0,1,0,0,0,0,0,0,0,0,0
20140728,1,0,0,0,0,0,0,0,0,0,0
20140727,0,0,0,0,0,0,1,0,0,1,0
20140726,0,0,0,0,0,1,0,0,0,1,0
20140725,0,0,0,0,1,0,0,0,0,0,0
20140724,0,0,0,1,0,0,0,0,0,0,0
20140723,0,0,1,0,0,0,0,0,0,0,0
20140722,0,1,0,0,0,0,0,0,0,0,0
20140721,1,0,0,0,0,0,0,1,äCÇÃì˙,1,0
20140720,0,0,0,0,0,0,1,0,0,1,0
20140719,0,0,0,0,0,1,0,0,0,1,0
20140718,0,0,0,0,1,0,0,0,0,0,0
20140717,0,0,0,1,0,0,0,0,0,0,0
20140716,0,0,1,0,0,0,0,0,0,0,0
20140715,0,1,0,0,0,0,0,0,0,0,0
20140714,1,0,0,0,0,0,0,0,0,0,0
20140713,0,0,0,0,0,0,1,0,0,1,0
20140712,0,0,0,0,0,1,0,0,0,1,0
20140711,0,0,0,0,1,0,0,0,0,0,0
20140710,0,0,0,1,0,0,0,0,0,0,0
20140709,0,0,1,0,0,0,0,0,0,0,0
20140708,0,1,0,0,0,0,0,0,0,0,0
20140707,1,0,0,0,0,0,0,0,0,0,0
20140706,0,0,0,0,0,0,1,0,0,1,0
20140705,0,0,0,0,0,1,0,0,0,1,0
20140704,0,0,0,0,1,0,0,0,0,0,0
20140703,0,0,0,1,0,0,0,0,0,0,0
20140702,0,0,1,0,0,0,0,0,0,0,0
20140701,0,1,0,0,0,0,0,0,0,0,0
20140630,1,0,0,0,0,0,0,0,0,0,0
20140629,0,0,0,0,0,0,1,0,0,1,0
20140628,0,0,0,0,0,1,0,0,0,1,0
20140627,0,0,0,0,1,0,0,0,0,0,0
20140626,0,0,0,1,0,0,0,0,0,0,0
20140625,0,0,1,0,0,0,0,0,0,0,0
20140624,0,1,0,0,0,0,0,0,0,0,0
20140623,1,0,0,0,0,0,0,0,0,0,0
20140622,0,0,0,0,0,0,1,0,0,1,0
20140621,0,0,0,0,0,1,0,0,0,1,0
20140620,0,0,0,0,1,0,0,0,0,0,0
20140619,0,0,0,1,0,0,0,0,0,0,0
20140618,0,0,1,0,0,0,0,0,0,0,0
20140617,0,1,0,0,0,0,0,0,0,0,0
20140616,1,0,0,0,0,0,0,0,0,0,0
20140615,0,0,0,0,0,0,1,0,0,1,0
20140614,0,0,0,0,0,1,0,0,0,1,0
20140613,0,0,0,0,1,0,0,0,0,0,0
20140612,0,0,0,1,0,0,0,0,0,0,0
20140611,0,0,1,0,0,0,0,0,0,0,0
20140610,0,1,0,0,0,0,0,0,0,0,0
20140609,1,0,0,0,0,0,0,0,0,0,0
20140608,0,0,0,0,0,0,1,0,0,1,0
20140607,0,0,0,0,0,1,0,0,0,1,0
20140606,0,0,0,0,1,0,0,0,0,0,0
20140605,0,0,0,1,0,0,0,0,0,0,0
20140604,0,0,1,0,0,0,0,0,0,0,0
20140603,0,1,0,0,0,0,0,0,0,0,0
20140602,1,0,0,0,0,0,0,0,0,0,0
20140601,0,0,0,0,0,0,1,0,0,1,0
20140531,0,0,0,0,0,1,0,0,0,1,0
20140530,0,0,0,0,1,0,0,0,0,0,0
20140529,0,0,0,1,0,0,0,0,0,0,0
20140528,0,0,1,0,0,0,0,0,0,0,0
20140527,0,1,0,0,0,0,0,0,0,0,0
20140526,1,0,0,0,0,0,0,0,0,0,0
20140525,0,0,0,0,0,0,1,0,0,1,0
20140524,0,0,0,0,0,1,0,0,0,1,0
20140523,0,0,0,0,1,0,0,0,0,0,0
20140522,0,0,0,1,0,0,0,0,0,0,0
20140521,0,0,1,0,0,0,0,0,0,0,0
20140520,0,1,0,0,0,0,0,0,0,0,0
20140519,1,0,0,0,0,0,0,0,0,0,0
20140518,0,0,0,0,0,0,1,0,0,1,0
20140517,0,0,0,0,0,1,0,0,0,1,0
20140516,0,0,0,0,1,0,0,0,0,0,0
20140515,0,0,0,1,0,0,0,0,0,0,0
20140514,0,0,1,0,0,0,0,0,0,0,0
20140513,0,1,0,0,0,0,0,0,0,0,0
20140512,1,0,0,0,0,0,0,0,0,0,0
20140511,0,0,0,0,0,0,1,0,0,1,0
20140510,0,0,0,0,0,1,0,0,0,1,0
20140509,0,0,0,0,1,0,0,0,0,0,0
20140508,0,0,0,1,0,0,0,0,0,0,0
20140507,0,0,1,0,0,0,0,0,0,0,0
20140506,0,1,0,0,0,0,0,1,êUë÷ãxì˙,1,0
20140505,1,0,0,0,0,0,0,1,Ç±Ç«Ç‡ÇÃì˙,1,0
20140504,0,0,0,0,0,0,1,1,Ç›Ç«ÇËÇÃì˙,1,0
20140503,0,0,0,0,0,1,0,1,åõñ@ãLîOì˙,1,0
20140502,0,0,0,0,1,0,0,0,0,0,0
20140501,0,0,0,1,0,0,0,0,0,0,0
20140430,0,0,1,0,0,0,0,0,0,0,0
20140429,0,1,0,0,0,0,0,1,è∫òaÇÃì˙,1,0
20140428,1,0,0,0,0,0,0,0,0,0,0
20140427,0,0,0,0,0,0,1,0,0,1,0
20140426,0,0,0,0,0,1,0,0,0,1,0
20140425,0,0,0,0,1,0,0,0,0,0,0
20140424,0,0,0,1,0,0,0,0,0,0,0
20140423,0,0,1,0,0,0,0,0,0,0,0
20140422,0,1,0,0,0,0,0,0,0,0,0
20140421,1,0,0,0,0,0,0,0,0,0,0
20140420,0,0,0,0,0,0,1,0,0,1,0
20140419,0,0,0,0,0,1,0,0,0,1,0
20140418,0,0,0,0,1,0,0,0,0,0,0
20140417,0,0,0,1,0,0,0,0,0,0,0
20140416,0,0,1,0,0,0,0,0,0,0,0
20140415,0,1,0,0,0,0,0,0,0,0,0
20140414,1,0,0,0,0,0,0,0,0,0,0
20140413,0,0,0,0,0,0,1,0,0,1,0
20140412,0,0,0,0,0,1,0,0,0,1,0
20140411,0,0,0,0,1,0,0,0,0,0,0
20140410,0,0,0,1,0,0,0,0,0,0,0
20140409,0,0,1,0,0,0,0,0,0,0,0
20140408,0,1,0,0,0,0,0,0,0,0,0
20140407,1,0,0,0,0,0,0,0,0,0,0
20140406,0,0,0,0,0,0,1,0,0,1,0
20140405,0,0,0,0,0,1,0,0,0,1,0
20140404,0,0,0,0,1,0,0,0,0,0,0
20140403,0,0,0,1,0,0,0,0,0,0,0
20140402,0,0,1,0,0,0,0,0,0,0,0
20140401,0,1,0,0,0,0,0,0,0,0,0
20140331,1,0,0,0,0,0,0,0,0,0,0
20140330,0,0,0,0,0,0,1,0,0,1,0
20140329,0,0,0,0,0,1,0,0,0,1,0
20140328,0,0,0,0,1,0,0,0,0,0,0
20140327,0,0,0,1,0,0,0,0,0,0,0
20140326,0,0,1,0,0,0,0,0,0,0,0
20140325,0,1,0,0,0,0,0,0,0,0,0
20140324,1,0,0,0,0,0,0,0,0,0,0
20140323,0,0,0,0,0,0,1,0,0,1,0
20140322,0,0,0,0,0,1,0,0,0,1,0
20140321,0,0,0,0,1,0,0,1,ètï™ÇÃì˙,1,0
20140320,0,0,0,1,0,0,0,0,0,0,0
20140319,0,0,1,0,0,0,0,0,0,0,0
20140318,0,1,0,0,0,0,0,0,0,0,0
20140317,1,0,0,0,0,0,0,0,0,0,0
20140316,0,0,0,0,0,0,1,0,0,1,0
20140315,0,0,0,0,0,1,0,0,0,1,0
20140314,0,0,0,0,1,0,0,0,0,0,0
20140313,0,0,0,1,0,0,0,0,0,0,0
20140312,0,0,1,0,0,0,0,0,0,0,0
20140311,0,1,0,0,0,0,0,0,0,0,0
20140310,1,0,0,0,0,0,0,0,0,0,0
20140309,0,0,0,0,0,0,1,0,0,1,0
20140308,0,0,0,0,0,1,0,0,0,1,0
20140307,0,0,0,0,1,0,0,0,0,0,0
20140306,0,0,0,1,0,0,0,0,0,0,0
20140305,0,0,1,0,0,0,0,0,0,0,0
20140304,0,1,0,0,0,0,0,0,0,0,0
20140303,1,0,0,0,0,0,0,0,0,0,0
20140302,0,0,0,0,0,0,1,0,0,1,0
20140301,0,0,0,0,0,1,0,0,0,1,0
20140228,0,0,0,0,1,0,0,0,0,0,0
20140227,0,0,0,1,0,0,0,0,0,0,0
20140226,0,0,1,0,0,0,0,0,0,0,0
20140225,0,1,0,0,0,0,0,0,0,0,0
20140224,1,0,0,0,0,0,0,0,0,0,0
20140223,0,0,0,0,0,0,1,0,0,1,0
20140222,0,0,0,0,0,1,0,0,0,1,0
20140221,0,0,0,0,1,0,0,0,0,0,0
20140220,0,0,0,1,0,0,0,0,0,0,0
20140219,0,0,1,0,0,0,0,0,0,0,0
20140218,0,1,0,0,0,0,0,0,0,0,0
20140217,1,0,0,0,0,0,0,0,0,0,0
20140216,0,0,0,0,0,0,1,0,0,1,0
20140215,0,0,0,0,0,1,0,0,0,1,0
20140214,0,0,0,0,1,0,0,0,0,0,0
20140213,0,0,0,1,0,0,0,0,0,0,0
20140212,0,0,1,0,0,0,0,0,0,0,0
20140211,0,1,0,0,0,0,0,1,åöçëãLîOÇÃì˙,1,0
20140210,1,0,0,0,0,0,0,0,0,0,0
20140209,0,0,0,0,0,0,1,0,0,1,0
20140208,0,0,0,0,0,1,0,0,0,1,0
20140207,0,0,0,0,1,0,0,0,0,0,0
20140206,0,0,0,1,0,0,0,0,0,0,0
20140205,0,0,1,0,0,0,0,0,0,0,0
20140204,0,1,0,0,0,0,0,0,0,0,0
20140203,1,0,0,0,0,0,0,0,0,0,0
20140202,0,0,0,0,0,0,1,0,0,1,0
20140201,0,0,0,0,0,1,0,0,0,1,0
20140131,0,0,0,0,1,0,0,0,0,0,0
20140130,0,0,0,1,0,0,0,0,0,0,0
20140129,0,0,1,0,0,0,0,0,0,0,0
20140128,0,1,0,0,0,0,0,0,0,0,0
20140127,1,0,0,0,0,0,0,0,0,0,0
20140126,0,0,0,0,0,0,1,0,0,1,0
20140125,0,0,0,0,0,1,0,0,0,1,0
20140124,0,0,0,0,1,0,0,0,0,0,0
20140123,0,0,0,1,0,0,0,0,0,0,0
20140122,0,0,1,0,0,0,0,0,0,0,0
20140121,0,1,0,0,0,0,0,0,0,0,0
20140120,1,0,0,0,0,0,0,0,0,0,0
20140119,0,0,0,0,0,0,1,0,0,1,0
20140118,0,0,0,0,0,1,0,0,0,1,0
20140117,0,0,0,0,1,0,0,0,0,0,0
20140116,0,0,0,1,0,0,0,0,0,0,0
20140115,0,0,1,0,0,0,0,0,0,0,0
20140114,0,1,0,0,0,0,0,0,0,0,0
20140113,1,0,0,0,0,0,0,1,ê¨êlÇÃì˙,1,0
20140112,0,0,0,0,0,0,1,0,0,1,0
20140111,0,0,0,0,0,1,0,0,0,1,0
20140110,0,0,0,0,1,0,0,0,0,0,0
20140109,0,0,0,1,0,0,0,0,0,0,0
20140108,0,0,1,0,0,0,0,0,0,0,0
20140107,0,1,0,0,0,0,0,0,0,0,0
20140106,1,0,0,0,0,0,0,0,0,0,0
20140105,0,0,0,0,0,0,1,0,0,1,0
20140104,0,0,0,0,0,1,0,0,0,1,0
20140103,0,0,0,0,1,0,0,0,0,1,1
20140102,0,0,0,1,0,0,0,0,0,1,1
20140101,0,0,1,0,0,0,0,1,å≥ì˙,1,1
20131231,0,1,0,0,0,0,0,0,0,1,1
20131230,1,0,0,0,0,0,0,0,0,0,0
